idCliente;producto;numDoc;tipDoc;tipCli
1;1;20371555;1;1
298;2;14321179;1;1
595;3;72569665;2;2
892;4;84228444;2;2
189;2;55361139;1;1
486;5;20976255221;2;2
783;6;28530267;2;2
784;2;91956958;2;2
785;7;26906142;2;2
786;1;44511997;2;2
787;8;34481802;1;1
788;9;95541049;2;2
789;6;32107316;1;1
790;7;47598528;2;2
791;10;90398205;2;2
792;10;84205783;1;1
793;8;82280577;2;2
794;1;82262251;2;2
795;9;93238681;1;1
796;10;36390591;1;1
797;10;52630781;2;2
798;10;5781873;1;1
799;5;92266657;1;1
800;10;86028255;1;1
801;4;76936363;1;1
802;9;73468888;2;2
803;2;30978466;1;1
804;10;7828821;2;2
805;8;36791978;1;1
806;3;27724175;1;1
807;6;92948449;2;2
808;10;44936216;1;1
809;6;26457164;1;1
810;8;94364029;2;2
811;6;3534226;2;2
812;6;96347342;2;2
813;9;93042722;2;2
814;8;45783980;1;1
815;2;21437848;2;2
816;3;5308186;1;1
817;6;24793691;1;1
818;1;84050315;1;1
819;10;89417227;2;2
820;6;97282215;2;2
821;1;49359188;2;2
822;9;80291566;1;1
823;2;53995087;1;1
824;10;15255556;1;1
825;5;65765930;1;1
826;8;30714419;1;1
827;1;6768812;1;1
828;3;98471273;1;1
829;4;80847768;2;2
830;6;4707251;2;2
831;6;29343622;2;2
832;2;67512963;2;2
833;1;46697984;1;1
834;9;87575930;2;2
835;4;16282455;2;2
836;6;55182461;2;2
837;8;56263868;1;1
838;4;12974877;1;1
839;3;10088066;2;2
840;2;4170759;2;2
841;10;17850061;1;1
842;7;67076294;1;1
843;1;18042083;1;1
844;10;19016182;1;1
845;1;62627649;1;1
846;4;95944012;1;1
847;5;29769857;2;2
848;10;85835404;2;2
849;7;10889898;2;2
850;2;77254452;2;2
851;8;50252802;1;1
852;2;20143868;2;2
853;6;2426938;2;2
854;9;38876965;2;2
855;3;16189938;1;1
856;9;67109430;2;2
857;3;99810274;2;2
858;3;98918625;2;2
859;9;68238603;1;1
860;6;73389768;2;2
861;7;14018635;1;1
862;8;5398192;2;2
863;6;72636660;2;2
864;8;31724637;2;2
865;1;16231573;2;2
866;1;54088712;2;2
867;5;36576088;1;1
868;3;8495013;1;1
869;6;92255057;2;2
870;3;70076520;1;1
871;1;25544703;2;2
872;8;35099030;2;2
873;2;66831778;1;1
874;6;35896485;1;1
875;8;36461458;1;1
876;4;73277198;2;2
877;10;84124948;2;2
878;1;56091378;2;2
879;8;99661695;2;2
880;10;41023949;2;2
881;9;80022600;1;1
882;9;93103857;1;1
883;1;36997269;2;2
884;1;62758221;2;2
885;3;45533179;2;2
886;2;71492680;1;1
887;3;20281629;1;1
888;9;7691037;2;2
889;3;9954572;1;1
890;9;92357605;1;1
891;9;52368673;2;2
892;2;84228444;2;2
893;1;35053600;2;2
894;9;72346051;1;1
895;3;87907620;1;1
896;2;46861278;2;2
897;8;61273389;2;2
898;10;47389131;1;1
899;2;38443625;1;1
900;9;81685304;1;1
901;7;75559185;2;2
902;10;10158818;1;1
903;7;35181847;1;1
904;7;25713894;1;1
905;1;2373964;1;1
906;9;15336772;1;1
907;6;33950305;2;2
908;2;52239575;2;2
909;9;92331913;1;1
910;10;84610294;2;2
911;3;94414114;1;1
912;7;58100258;1;1
913;4;28030825;2;2
914;4;2734818;1;1
915;2;80476124;2;2
916;10;63301329;2;2
917;10;15768286;2;2
918;8;74581223;1;1
919;6;56285949;1;1
920;1;88984449;2;2
921;5;1276826;2;2
922;2;60612462;2;2
923;9;18337140;1;1
924;8;32019816;2;2
925;3;84983658;1;1
926;4;6598740;1;1
927;1;26152690;1;1
928;7;85795258;1;1
929;3;87835196;1;1
930;7;42084295;2;2
931;5;30429947;2;2
932;10;76029814;2;2
933;5;1785331;1;1
934;6;92945601;2;2
935;8;2470237;2;2
936;1;88288290;2;2
937;5;25664252;1;1
938;7;59090619;2;2
939;9;76767537;1;1
940;1;16604777;1;1
941;2;13907281;1;1
942;8;94509940;2;2
943;2;29650720;1;1
944;8;65146524;2;2
945;4;43865583;1;1
946;10;70969951;2;2
947;10;26071985;2;2
948;2;50979106;1;1
949;2;73888301;1;1
950;4;72025378;1;1
951;5;9293082;2;2
952;10;75465842;2;2
953;9;42879500;2;2
954;4;16740774;1;1
955;5;13407584;2;2
956;2;1427388;1;1
957;1;4048255;1;1
958;2;28135035;1;1
959;3;47585018;1;1
960;4;16646220;1;1
961;8;53538752;2;2
962;6;75855239;1;1
963;7;48472385;2;2
964;1;71579554;2;2
965;8;36849928;2;2
966;2;18094859;2;2
967;8;40519723;2;2
968;10;70819152;1;1
969;1;40154370;1;1
970;1;82886981;1;1
971;9;58825590;1;1
972;2;65464973;1;1
973;4;96103068;2;2
974;6;1908521;2;2
975;10;29840707;1;1
976;2;36831976;1;1
977;1;33694546;2;2
978;8;27985101;2;2
979;2;53979150;2;2
980;8;78358438;1;1
981;2;64571032;2;2
982;2;93224097;1;1
983;5;32527613;1;1
984;5;14171224;1;1
985;7;82875383;2;2
986;3;74748409;1;1
987;8;76903424;1;1
988;8;47537065;1;1
989;2;71489988;1;1
990;1;96459609;1;1
991;7;45577030;2;2
992;10;87893487;1;1
993;6;93205115;1;1
994;1;80273589;1;1
995;6;93024237;2;2
996;6;51221622;2;2
997;3;46050272;2;2
998;3;52983356;2;2
999;7;53663401;1;1
1000;2;21227784;1;1
1;11;20371555;1;1
2;12;45048096;1;1
3;13;59523429;1;1
4;12;87834304;1;1
5;14 ;10236637;1;1
6;13;31935535;1;1
7;15;56679144;1;1
8;12;74954129;1;1
9;16;35956616;1;1
10;17;90520010;1;1
11;11;84389342;1;1
12;17;62481694;1;1
13;18;45817517;1;1
14;12;60625918;1;1
15;12;50685872;1;1
16;11;34695713;1;1
17;11;23814246;1;1
18;17;59269700;1;1
19;16;75277155;1;1
20;19;97131621;1;1
21;15;19541819;1;1
22;19;80024975;1;1
23;13;21958280;1;1
24;14 ;27554396;1;1
25;14 ;95311295;1;1
26;19;60833131;1;1
27;15;43851264;1;1
28;17;70347136;1;1
29;11;41795693;1;1
30;12;97535228;1;1
31;20;40496568;1;1
32;20;56010947;1;1
33;11;93956514;1;1
34;20;44287974;1;1
35;16;68775546;1;1
36;17;81367734;1;1
37;19;47397556;1;1
38;13;10153244;1;1
39;12;16019965;1;1
40;18;84277654;1;1
41;18;63548906;1;1
42;20;21353357;1;1
43;17;22148550;1;1
44;15;83581653;1;1
45;13;61189485;1;1
46;19;79167686;1;1
47;13;17761403;1;1
48;20;39354362;1;1
49;15;40797344;1;1
50;11;50252311;1;1
51;15;72480617;1;1
52;15;79370509;1;1
53;14 ;19291679;1;1
54;18;78897504;1;1
55;11;36378300;1;1
56;11;44191656;1;1
57;13;75923135;1;1
58;12;10183653;1;1
59;13;41682933;1;1
60;17;26162564;1;1
61;19;89535911;1;1
62;17;42067921;1;1
63;18;34762965;1;1
64;18;76253251;1;1
65;12;42154297;1;1
66;15;13965949;1;1
67;13;43171911;1;1
68;11;19142565;1;1
69;15;18910807;1;1
70;16;31345476;1;1
71;11;68257995;1;1
72;18;21798318;1;1
487;9;20061424755;2;2
488;10;20855392695;2;2
489;4;20785328277;2;2
490;3;20981911368;2;2
491;10;20742934972;2;2
492;4;20081143811;2;2
493;5;20970551009;2;2
494;3;20481276053;2;2
495;3;20280970417;2;2
496;4;20542289305;2;2
497;8;20113788142;2;2
498;9;20990804585;2;2
499;1;20959276550;2;2
500;5;20932811789;2;2
501;3;68061236;1;1
502;2;6224670;2;2
503;5;22824092;1;1
504;3;90188188;1;1
505;1;18028704;2;2
506;6;69643098;1;1
507;1;46026749;1;1
508;7;58656442;1;1
509;4;71345752;1;1
510;3;13617876;1;1
511;6;12440709;1;1
512;4;49148090;2;2
513;4;26699690;1;1
514;3;42913150;2;2
515;3;84907662;1;1
516;4;13811650;1;1
517;2;10927549;1;1
518;1;69026694;2;2
519;1;19709960;1;1
520;2;62268495;1;1
521;7;36628914;2;2
522;1;98889315;1;1
523;6;12391853;1;1
524;4;21324575;1;1
525;4;45689094;2;2
526;1;57366569;2;2
527;7;73576027;2;2
528;4;69173067;1;1
529;10;84823298;1;1
530;6;24469013;2;2
531;2;6540319;1;1
532;7;24630063;1;1
533;5;99586619;1;1
534;1;2432872;1;1
535;9;48237890;1;1
536;3;91315142;1;1
537;4;77500195;1;1
538;9;41361263;1;1
539;4;83478096;1;1
540;10;89768636;1;1
541;1;47328152;2;2
542;7;83152826;1;1
543;7;19425021;1;1
544;3;25311469;1;1
545;6;86542164;1;1
546;6;88464428;1;1
547;9;61095993;2;2
548;5;31316291;1;1
549;9;96145309;2;2
550;7;87625813;2;2
551;9;94228710;2;2
552;5;38653341;2;2
553;2;59889548;2;2
554;2;92602746;1;1
555;9;71746717;2;2
556;1;84771822;1;1
557;2;54214356;2;2
558;1;34161295;1;1
559;10;97905180;2;2
560;7;60518838;2;2
561;3;9281995;1;1
562;1;74341685;1;1
563;9;30196610;1;1
564;5;40309980;1;1
565;4;73937215;2;2
566;4;56687260;1;1
567;9;30654687;1;1
568;10;45766708;2;2
569;2;73787198;2;2
570;2;71018398;1;1
571;3;33849035;2;2
572;7;66625489;1;1
573;3;52312624;1;1
574;5;51741273;1;1
575;4;5641539;1;1
576;5;30010737;2;2
577;9;73062085;1;1
578;9;15095108;1;1
579;2;26518586;1;1
580;1;17042851;2;2
581;7;48720470;2;2
582;6;45635170;1;1
583;10;95141344;2;2
584;10;52499764;2;2
585;8;44075361;1;1
586;5;41996929;2;2
587;3;36892155;2;2
588;4;92992019;1;1
589;8;48861568;1;1
590;5;98424031;1;1
591;9;83856022;2;2
592;9;41719274;1;1
593;5;37558389;2;2
594;4;39731526;2;2
595;4;72569665;2;2
596;8;73446903;1;1
597;8;55856455;2;2
598;7;47690019;2;2
599;4;87695672;1;1
600;9;25084167;1;1
601;9;42936379;2;2
602;4;96309362;1;1
603;6;9485314;2;2
604;7;29210489;1;1
605;3;27011879;1;1
606;1;98531000;1;1
607;1;41635541;2;2
608;6;88856738;2;2
609;10;46216231;2;2
610;2;79632392;2;2
611;1;40930118;2;2
612;8;34059744;1;1
613;10;21586989;1;1
614;9;21495891;1;1
615;6;7499616;2;2
616;10;48075447;1;1
617;1;73559889;1;1
618;5;40260593;1;1
619;4;87228722;1;1
620;9;37387333;1;1
621;3;25700837;2;2
622;1;40492917;2;2
623;4;81235668;1;1
624;3;66263303;2;2
625;9;40304184;1;1
626;3;62143545;1;1
627;7;97395105;2;2
628;8;85953188;1;1
629;10;65689412;1;1
630;3;15849030;1;1
631;6;9289032;1;1
632;3;54242245;1;1
633;1;11592386;1;1
634;10;67319642;1;1
635;4;67379302;1;1
636;9;49833175;2;2
637;5;11159021;1;1
638;4;10795179;1;1
639;1;47353880;1;1
640;6;51635281;1;1
641;4;75629349;1;1
642;10;55870854;1;1
643;7;32571021;1;1
644;7;88672035;2;2
645;6;40684788;2;2
646;4;80504301;1;1
647;6;71271639;2;2
648;3;14086869;1;1
649;10;18130029;1;1
650;10;4567748;1;1
651;7;84123800;1;1
652;3;88483415;1;1
653;9;70313367;1;1
654;6;47084671;2;2
655;3;70502963;2;2
656;7;27782461;2;2
657;8;33667028;1;1
658;6;3092511;2;2
659;9;34979073;2;2
660;2;23615707;2;2
661;10;83982511;1;1
662;1;66797451;2;2
663;4;3143145;1;1
664;3;99870859;2;2
665;9;49902820;2;2
666;7;37268911;2;2
667;9;81461441;2;2
668;7;75625068;1;1
669;9;1641907;2;2
670;9;84589586;1;1
671;4;96644923;2;2
672;6;44519781;1;1
673;4;35350610;1;1
674;3;64736064;1;1
675;10;73955755;2;2
676;10;37170898;2;2
677;4;86013124;1;1
678;8;63666196;2;2
679;2;60332181;2;2
680;2;88620917;1;1
681;7;72004469;2;2
682;5;67489405;1;1
683;5;99321858;2;2
684;5;83775340;1;1
685;6;11678372;2;2
686;5;45483190;2;2
687;3;9335792;2;2
688;7;4496010;2;2
689;10;38874810;1;1
690;5;56096304;2;2
691;8;20637599;1;1
692;4;70951502;1;1
693;6;86915846;1;1
694;6;67106989;1;1
695;10;36315995;2;2
696;1;21257862;1;1
697;8;46896252;2;2
698;4;72865823;1;1
699;8;35945471;1;1
700;6;74849458;2;2
701;10;4341938;1;1
702;9;79999741;1;1
703;3;81414342;2;2
704;7;27456419;2;2
705;6;66312255;2;2
706;1;26168322;2;2
707;2;38169876;1;1
708;9;80295131;1;1
709;8;78385433;1;1
710;1;34538515;1;1
711;2;1238441;1;1
712;3;26719774;1;1
713;4;46114029;1;1
714;3;53408358;1;1
715;9;98054202;2;2
716;8;89351495;1;1
717;6;56547347;2;2
718;4;51556339;2;2
719;9;88309566;2;2
720;8;91224744;2;2
721;6;57907859;1;1
722;9;25093140;2;2
723;10;93852273;1;1
724;9;41605835;2;2
725;4;32003368;1;1
726;8;23209661;2;2
727;3;62099074;1;1
728;7;5871648;1;1
729;3;89233989;1;1
730;5;12215700;2;2
731;2;7869662;1;1
732;9;7395036;1;1
733;8;24176423;1;1
734;3;57408841;2;2
735;1;76644161;2;2
736;6;6508825;2;2
737;1;32822476;1;1
738;7;14729831;1;1
739;8;69465951;1;1
740;8;7465670;2;2
741;10;31686474;2;2
742;3;80441996;2;2
743;10;12282117;2;2
744;10;65587805;1;1
745;3;98394976;2;2
746;1;95564890;2;2
747;10;55632174;2;2
748;5;36423759;1;1
749;1;18138434;1;1
750;2;88872123;2;2
751;10;12834779;1;1
752;2;48623515;1;1
753;7;94318483;1;1
754;5;24912984;2;2
755;4;32427362;2;2
756;6;68726684;1;1
757;10;49005666;2;2
758;1;72923860;1;1
759;10;23663987;1;1
760;8;81843066;2;2
761;9;17702410;1;1
762;3;79806396;1;1
763;3;5823346;1;1
764;4;26775587;2;2
765;6;44305311;2;2
766;9;10737797;1;1
767;4;21298942;1;1
768;4;5376259;1;1
769;3;80640011;1;1
770;10;34463635;2;2
771;9;6792163;1;1
772;1;20121918;1;1
773;8;86599854;2;2
774;4;83867377;2;2
775;4;58131840;1;1
776;5;82967367;2;2
777;1;73286044;2;2
778;1;24656890;2;2
779;6;24610185;1;1
780;3;85998223;1;1
781;1;1511721;2;2
782;7;88052173;1;1
73;19;12130198;1;1
74;12;90718648;1;1
75;17;53755180;1;1
76;12;85378850;1;1
77;14 ;11866258;1;1
78;18;83431347;1;1
79;19;61912909;1;1
80;17;95741720;1;1
81;12;24532220;1;1
82;11;56910649;1;1
83;15;36378651;1;1
84;18;92037340;1;1
85;14 ;63554229;1;1
86;13;69161940;1;1
87;19;85114956;1;1
88;19;49115068;1;1
89;18;65398052;1;1
90;11;78424484;1;1
91;16;77876908;1;1
92;19;65855593;1;1
93;20;18659923;1;1
94;15;12127627;1;1
95;19;76668529;1;1
96;20;28645907;1;1
97;16;55562141;1;1
98;16;53117129;1;1
99;11;12123795;1;1
100;14 ;41819332;1;1
101;16;98343688;1;1
102;18;14320905;1;1
103;11;45591692;1;1
104;20;60034688;1;1
105;13;16727545;1;1
106;20;94270379;1;1
107;13;16271366;1;1
108;17;40649144;1;1
109;20;80625314;1;1
110;20;14667326;1;1
111;13;29289996;1;1
112;12;97695670;1;1
113;12;42933485;1;1
114;13;85095668;1;1
115;16;81517865;1;1
116;15;98783613;1;1
117;11;17567520;1;1
118;14 ;49534418;1;1
119;20;85939187;1;1
120;16;43440875;1;1
121;12;98155033;1;1
122;11;29691785;1;1
123;11;66363983;1;1
124;12;13993719;1;1
125;15;31291569;1;1
126;15;26069570;1;1
127;17;27078026;1;1
128;15;46549836;1;1
129;13;74767090;1;1
130;14 ;23116375;1;1
131;11;76312610;1;1
132;17;32746615;1;1
133;12;70578236;1;1
134;13;83519788;1;1
135;13;45696556;1;1
136;13;91262933;1;1
137;16;98611455;1;1
138;14 ;27633544;1;1
139;19;89067604;1;1
140;19;69386064;1;1
141;13;81953903;1;1
142;12;59854728;1;1
143;17;90584094;1;1
144;17;82794601;1;1
145;13;85662745;1;1
146;16;46392535;1;1
147;13;50895142;1;1
148;14 ;36487555;1;1
149;17;33416990;1;1
150;16;99085845;1;1
151;11;69916654;1;1
152;16;25210545;1;1
153;20;37474632;1;1
154;14 ;46362851;1;1
155;19;35826388;1;1
156;16;56671562;1;1
157;11;42291896;1;1
158;11;93587805;1;1
159;14 ;71650903;1;1
160;17;64013255;1;1
161;15;92296961;1;1
162;18;33516913;1;1
163;17;53489003;1;1
164;13;87547672;1;1
165;13;61991921;1;1
166;16;48632810;1;1
167;16;97964909;1;1
168;17;27785930;1;1
169;11;31920692;1;1
170;19;92997107;1;1
171;19;17488253;1;1
172;14 ;93365932;1;1
173;16;41032798;1;1
174;16;34527965;1;1
175;12;23241970;1;1
176;16;44033410;1;1
177;17;86929047;1;1
178;15;26419001;1;1
179;18;81194316;1;1
180;12;85138348;1;1
181;11;56711959;1;1
182;16;41878223;1;1
183;18;93020275;1;1
184;19;81381077;1;1
185;16;10317070;1;1
186;16;85089186;1;1
187;14 ;79875576;1;1
188;19;40639576;1;1
189;14 ;55361139;1;1
190;13;41616878;1;1
191;19;59825302;1;1
192;11;35850470;1;1
193;13;55546166;1;1
194;19;58788816;1;1
195;15;34582754;1;1
196;11;13128671;1;1
197;11;36053783;1;1
198;17;51711051;1;1
199;16;96049172;1;1
200;14 ;33929015;1;1
201;17;47047640;1;1
202;13;38281291;1;1
203;17;63939894;1;1
204;11;78447755;1;1
205;19;96770551;1;1
206;19;53926648;1;1
207;20;63992566;1;1
208;15;55863357;1;1
209;13;32125670;1;1
210;16;74751993;1;1
211;14 ;89010655;1;1
212;13;87185129;1;1
213;14 ;66429311;1;1
214;17;33222507;1;1
215;15;38160502;1;1
216;17;84236271;1;1
217;16;84872425;1;1
218;14 ;21957150;1;1
219;20;16743754;1;1
220;13;45924894;1;1
221;19;69813522;1;1
222;14 ;76863998;1;1
223;18;54355139;1;1
224;20;94389470;1;1
225;14 ;31317224;1;1
226;17;38161990;1;1
227;17;28464595;1;1
228;14 ;22840497;1;1
229;20;43929606;1;1
230;15;99040470;1;1
231;16;33536207;1;1
232;14 ;29884380;1;1
233;13;83464777;1;1
234;11;96882930;1;1
235;20;14676794;1;1
236;17;27198254;1;1
237;20;47161799;1;1
238;17;50833522;1;1
239;19;87713081;1;1
240;12;93511900;1;1
241;16;29061927;1;1
242;19;78376531;1;1
243;16;33115993;1;1
244;12;68574489;1;1
245;11;90228711;1;1
246;16;17861202;1;1
247;12;80472825;1;1
248;17;99439033;1;1
249;19;77461152;1;1
250;16;43031062;1;1
251;13;65425137;1;1
252;14 ;42750834;1;1
253;12;28776480;1;1
254;12;29962348;1;1
255;20;45596269;1;1
256;18;23027948;1;1
257;13;91328517;1;1
258;15;40275066;1;1
259;17;68694927;1;1
260;20;44883589;1;1
261;15;30426771;1;1
262;19;73995615;1;1
263;11;49114653;1;1
264;17;28946107;1;1
265;15;68182889;1;1
266;12;94746818;1;1
267;20;92646700;1;1
268;19;34528742;1;1
269;19;45668624;1;1
270;16;60791743;1;1
271;18;13395402;1;1
272;15;50820592;1;1
273;16;37959691;1;1
274;12;96415257;1;1
275;19;36451724;1;1
276;15;72089232;1;1
277;13;46833227;1;1
278;16;13076752;1;1
279;12;32180071;1;1
280;11;55823923;1;1
281;11;34863354;1;1
282;20;27698755;1;1
283;13;61317750;1;1
284;17;87423665;1;1
285;19;48867007;1;1
286;16;14976828;1;1
287;13;33321414;1;1
288;13;15526717;1;1
289;18;15679989;1;1
290;19;84838466;1;1
291;11;86138743;1;1
292;14 ;49555466;1;1
293;17;58963707;1;1
294;18;81119508;1;1
295;15;82536780;1;1
296;17;63267341;1;1
297;15;83887814;1;1
298;16;14321179;1;1
299;13;12346512;1;1
300;19;20144707;1;1
301;17;20585775210;2;2
302;16;20340766225;2;2
303;12;20362414268;2;2
304;18;20190026008;2;2
305;16;20981428322;2;2
306;15;20681819351;2;2
307;15;20815012837;2;2
308;16;20469675998;2;2
309;11;20485672592;2;2
310;18;20421245413;2;2
311;16;20079447253;2;2
312;20;20953765662;2;2
313;19;20744113510;2;2
314;20;20062242626;2;2
315;11;20638068302;2;2
316;12;20861416027;2;2
317;14 ;20366392285;2;2
318;16;20981104924;2;2
319;16;20193140048;2;2
320;16;20482938625;2;2
321;17;20245101191;2;2
322;20;20979752891;2;2
323;15;20362124702;2;2
324;20;20042793047;2;2
325;15;20755903552;2;2
326;16;20553338373;2;2
327;13;20790460249;2;2
328;15;20196270452;2;2
329;12;20442391608;2;2
330;14 ;20224680532;2;2
331;16;20910604931;2;2
332;17;20099821963;2;2
333;16;20569841805;2;2
334;13;20274313525;2;2
335;13;20087425209;2;2
336;14 ;20561816645;2;2
337;15;20718744374;2;2
338;17;20558166758;2;2
339;11;20978526621;2;2
340;11;20824752378;2;2
341;11;20723842185;2;2
342;13;20281878181;2;2
343;19;20096223149;2;2
344;16;20138423806;2;2
345;18;20367696161;2;2
346;11;20310193926;2;2
347;15;20386780999;2;2
348;19;20618321823;2;2
349;14 ;20826989970;2;2
350;17;20063364523;2;2
351;15;20995149078;2;2
352;20;20899922743;2;2
353;18;20825568406;2;2
354;19;20143053557;2;2
355;18;20637022179;2;2
356;12;20536403325;2;2
357;20;20139488893;2;2
358;17;20686795534;2;2
359;11;20062728268;2;2
360;15;20023634763;2;2
361;14 ;20397858753;2;2
362;11;20828583231;2;2
363;19;20147269508;2;2
364;11;20043661201;2;2
365;17;20882109726;2;2
366;20;20741749020;2;2
367;20;20987040563;2;2
368;18;20016495290;2;2
369;20;20278129282;2;2
370;16;20411442034;2;2
371;20;20016514237;2;2
372;15;20619933139;2;2
373;19;20773274193;2;2
374;16;20651141039;2;2
375;13;20889270632;2;2
376;11;20675673993;2;2
377;20;20515437318;2;2
378;13;20091969037;2;2
379;20;20267043561;2;2
380;18;20599100175;2;2
381;17;20016552704;2;2
382;18;20814351551;2;2
383;16;20840788663;2;2
384;20;20499875082;2;2
385;20;20418123117;2;2
386;18;20662484213;2;2
387;16;20050379817;2;2
388;17;20151662716;2;2
389;18;20255660233;2;2
390;16;20122294716;2;2
391;18;20029839477;2;2
392;15;20297463870;2;2
393;20;20098810404;2;2
394;14 ;20210827617;2;2
395;13;20739457532;2;2
396;15;20815519285;2;2
397;15;20790347552;2;2
398;17;20594959515;2;2
399;15;20425130047;2;2
400;14 ;20933971732;2;2
401;19;20632846560;2;2
402;17;20165212174;2;2
403;15;20580253234;2;2
404;19;20480847588;2;2
405;17;20628732631;2;2
406;15;20929602951;2;2
407;11;20766644302;2;2
408;11;20682194310;2;2
409;19;20095828050;2;2
410;17;20143368022;2;2
411;16;20174874262;2;2
412;12;20930474841;2;2
413;13;20264950266;2;2
414;19;20063727460;2;2
415;12;20638226765;2;2
416;14 ;20063604047;2;2
417;15;20948051222;2;2
418;20;20956333660;2;2
419;11;20387728785;2;2
420;19;20315063646;2;2
421;11;20139369133;2;2
422;18;20774236074;2;2
423;19;20896541963;2;2
424;12;20025625575;2;2
425;11;20552961079;2;2
426;15;20885384856;2;2
427;17;20597971343;2;2
428;16;20676742895;2;2
429;14 ;20067490354;2;2
430;15;20662432978;2;2
431;16;20370608419;2;2
432;15;20166496368;2;2
433;19;20574651279;2;2
434;15;20736143708;2;2
435;19;20042960530;2;2
436;14 ;20394865120;2;2
437;18;20986546382;2;2
438;18;20267074315;2;2
439;13;20793277546;2;2
440;14 ;20749006345;2;2
441;18;20384943554;2;2
442;12;20230956922;2;2
443;16;20359749202;2;2
444;18;20137384066;2;2
445;13;20057537096;2;2
446;13;20552892196;2;2
447;12;20640012631;2;2
448;15;20814877695;2;2
449;13;20844062475;2;2
450;18;20920687740;2;2
451;12;20810019416;2;2
452;16;20842782083;2;2
453;13;20839981850;2;2
454;19;20351149566;2;2
455;13;20099578930;2;2
456;16;20017998935;2;2
457;13;20018155321;2;2
458;14 ;20780601321;2;2
459;12;20538757529;2;2
460;16;20433600927;2;2
461;20;20760504260;2;2
462;13;20056752611;2;2
463;13;20999194120;2;2
464;11;20261777707;2;2
465;13;20659097567;2;2
466;16;20829445311;2;2
467;20;20383215263;2;2
468;16;20425095574;2;2
469;17;20084262886;2;2
470;19;20265146631;2;2
471;11;20326417021;2;2
472;19;20799907521;2;2
473;19;20555950817;2;2
474;18;20219263870;2;2
475;16;20382714220;2;2
476;13;20951264459;2;2
477;14 ;20666597533;2;2
478;18;20011425290;2;2
479;13;20685429727;2;2
480;17;20257511937;2;2
481;16;20445279562;2;2
482;11;20466050895;2;2
483;15;20538507857;2;2
484;20;20382770268;2;2
485;14 ;20568680306;2;2
486;15;20976255221;2;2
487;19;20061424755;2;2
488;11;20855392695;2;2
489;14 ;20785328277;2;2
490;16;20981911368;2;2
491;18;20742934972;2;2
492;13;20081143811;2;2
493;16;20970551009;2;2
494;18;20481276053;2;2
495;19;20280970417;2;2
496;11;20542289305;2;2
497;18;20113788142;2;2
498;19;20990804585;2;2
499;11;20959276550;2;2
500;20;20932811789;2;2
501;16;68061236;1;1
502;16;6224670;2;2
503;20;22824092;1;1
504;18;90188188;1;1
505;17;18028704;2;2
506;16;69643098;1;1
507;17;46026749;1;1
508;11;58656442;1;1
509;20;71345752;1;1
510;14 ;13617876;1;1
511;11;12440709;1;1
512;20;49148090;2;2
513;13;26699690;1;1
514;18;42913150;2;2
515;17;84907662;1;1
516;17;13811650;1;1
517;14 ;10927549;1;1
518;15;69026694;2;2
519;16;19709960;1;1
520;20;62268495;1;1
521;13;36628914;2;2
522;12;98889315;1;1
523;15;12391853;1;1
524;14 ;21324575;1;1
525;12;45689094;2;2
526;14 ;57366569;2;2
527;12;73576027;2;2
528;17;69173067;1;1
529;11;84823298;1;1
530;16;24469013;2;2
531;12;6540319;1;1
532;19;24630063;1;1
533;17;99586619;1;1
534;17;2432872;1;1
535;13;48237890;1;1
536;13;91315142;1;1
537;12;77500195;1;1
538;12;41361263;1;1
539;14 ;83478096;1;1
540;17;89768636;1;1
541;15;47328152;2;2
542;19;83152826;1;1
543;19;19425021;1;1
544;19;25311469;1;1
545;20;86542164;1;1
546;16;88464428;1;1
547;11;61095993;2;2
548;17;31316291;1;1
549;20;96145309;2;2
550;11;87625813;2;2
551;17;94228710;2;2
552;12;38653341;2;2
553;19;59889548;2;2
554;16;92602746;1;1
555;20;71746717;2;2
556;18;84771822;1;1
557;12;54214356;2;2
558;15;34161295;1;1
559;17;97905180;2;2
560;16;60518838;2;2
561;17;9281995;1;1
562;17;74341685;1;1
563;11;30196610;1;1
564;20;40309980;1;1
565;15;73937215;2;2
566;20;56687260;1;1
567;11;30654687;1;1
568;13;45766708;2;2
569;20;73787198;2;2
570;19;71018398;1;1
571;18;33849035;2;2
572;11;66625489;1;1
573;14 ;52312624;1;1
574;11;51741273;1;1
575;20;5641539;1;1
576;15;30010737;2;2
577;15;73062085;1;1
578;12;15095108;1;1
579;16;26518586;1;1
580;18;17042851;2;2
581;17;48720470;2;2
582;12;45635170;1;1
583;16;95141344;2;2
584;17;52499764;2;2
585;17;44075361;1;1
586;12;41996929;2;2
587;11;36892155;2;2
588;15;92992019;1;1
589;17;48861568;1;1
590;18;98424031;1;1
591;15;83856022;2;2
592;18;41719274;1;1
593;12;37558389;2;2
594;14 ;39731526;2;2
595;15;72569665;2;2
596;11;73446903;1;1
597;11;55856455;2;2
598;19;47690019;2;2
599;19;87695672;1;1
600;14 ;25084167;1;1
601;20;42936379;2;2
602;14 ;96309362;1;1
603;18;9485314;2;2
604;12;29210489;1;1
605;20;27011879;1;1
606;11;98531000;1;1
607;14 ;41635541;2;2
608;12;88856738;2;2
609;17;46216231;2;2
610;17;79632392;2;2
611;16;40930118;2;2
612;18;34059744;1;1
613;18;21586989;1;1
614;12;21495891;1;1
615;11;7499616;2;2
616;11;48075447;1;1
617;20;73559889;1;1
618;13;40260593;1;1
619;19;87228722;1;1
620;20;37387333;1;1
621;17;25700837;2;2
622;20;40492917;2;2
623;12;81235668;1;1
624;11;66263303;2;2
625;18;40304184;1;1
626;18;62143545;1;1
627;18;97395105;2;2
628;11;85953188;1;1
629;13;65689412;1;1
630;13;15849030;1;1
631;18;9289032;1;1
632;20;54242245;1;1
633;12;11592386;1;1
634;16;67319642;1;1
635;20;67379302;1;1
636;11;49833175;2;2
637;15;11159021;1;1
638;20;10795179;1;1
639;17;47353880;1;1
640;12;51635281;1;1
641;16;75629349;1;1
642;18;55870854;1;1
643;15;32571021;1;1
644;19;88672035;2;2
645;20;40684788;2;2
646;14 ;80504301;1;1
647;17;71271639;2;2
648;16;14086869;1;1
649;11;18130029;1;1
650;20;4567748;1;1
651;12;84123800;1;1
652;13;88483415;1;1
653;11;70313367;1;1
654;17;47084671;2;2
655;11;70502963;2;2
656;15;27782461;2;2
657;19;33667028;1;1
658;20;3092511;2;2
659;11;34979073;2;2
660;19;23615707;2;2
661;17;83982511;1;1
662;12;66797451;2;2
663;11;3143145;1;1
664;11;99870859;2;2
665;14 ;49902820;2;2
666;17;37268911;2;2
667;14 ;81461441;2;2
668;18;75625068;1;1
669;12;1641907;2;2
670;20;84589586;1;1
671;16;96644923;2;2
672;16;44519781;1;1
673;16;35350610;1;1
674;15;64736064;1;1
675;20;73955755;2;2
676;11;37170898;2;2
677;15;86013124;1;1
678;20;63666196;2;2
679;20;60332181;2;2
680;16;88620917;1;1
681;20;72004469;2;2
682;13;67489405;1;1
683;20;99321858;2;2
684;17;83775340;1;1
685;14 ;11678372;2;2
686;13;45483190;2;2
687;14 ;9335792;2;2
688;17;4496010;2;2
689;15;38874810;1;1
690;13;56096304;2;2
691;18;20637599;1;1
692;11;70951502;1;1
693;17;86915846;1;1
694;12;67106989;1;1
695;16;36315995;2;2
696;12;21257862;1;1
697;15;46896252;2;2
698;12;72865823;1;1
699;13;35945471;1;1
700;17;74849458;2;2
701;19;4341938;1;1
702;18;79999741;1;1
703;19;81414342;2;2
704;18;27456419;2;2
705;11;66312255;2;2
706;13;26168322;2;2
707;14 ;38169876;1;1
708;11;80295131;1;1
709;13;78385433;1;1
710;11;34538515;1;1
711;20;1238441;1;1
712;16;26719774;1;1
713;14 ;46114029;1;1
714;18;53408358;1;1
715;19;98054202;2;2
716;12;89351495;1;1
717;16;56547347;2;2
718;18;51556339;2;2
719;20;88309566;2;2
720;11;91224744;2;2
721;17;57907859;1;1
722;16;25093140;2;2
723;13;93852273;1;1
724;14 ;41605835;2;2
725;19;32003368;1;1
726;12;23209661;2;2
727;20;62099074;1;1
728;14 ;5871648;1;1
729;17;89233989;1;1
730;16;12215700;2;2
731;19;7869662;1;1
732;13;7395036;1;1
733;12;24176423;1;1
734;18;57408841;2;2
735;15;76644161;2;2
736;20;6508825;2;2
737;20;32822476;1;1
738;20;14729831;1;1
739;11;69465951;1;1
740;13;7465670;2;2
741;15;31686474;2;2
742;11;80441996;2;2
743;11;12282117;2;2
744;16;65587805;1;1
745;17;98394976;2;2
746;20;95564890;2;2
747;16;55632174;2;2
748;14 ;36423759;1;1
749;16;18138434;1;1
750;12;88872123;2;2
751;17;12834779;1;1
752;20;48623515;1;1
753;12;94318483;1;1
754;19;24912984;2;2
755;17;32427362;2;2
756;17;68726684;1;1
757;20;49005666;2;2
758;17;72923860;1;1
759;13;23663987;1;1
760;15;81843066;2;2
761;18;17702410;1;1
762;18;79806396;1;1
763;16;5823346;1;1
764;19;26775587;2;2
765;13;44305311;2;2
766;11;10737797;1;1
767;20;21298942;1;1
768;15;5376259;1;1
769;14 ;80640011;1;1
770;14 ;34463635;2;2
771;15;6792163;1;1
772;15;20121918;1;1
773;20;86599854;2;2
774;13;83867377;2;2
775;19;58131840;1;1
776;14 ;82967367;2;2
777;17;73286044;2;2
778;20;24656890;2;2
779;20;24610185;1;1
780;20;85998223;1;1
781;18;1511721;2;2
782;13;88052173;1;1
783;20;28530267;2;2
784;15;91956958;2;2
785;11;26906142;2;2
786;13;44511997;2;2
787;16;34481802;1;1
788;16;95541049;2;2
789;19;32107316;1;1
790;16;47598528;2;2
791;15;90398205;2;2
792;13;84205783;1;1
793;13;82280577;2;2
794;19;82262251;2;2
795;20;93238681;1;1
796;18;36390591;1;1
797;19;52630781;2;2
798;17;5781873;1;1
799;12;92266657;1;1
800;14 ;86028255;1;1
801;16;76936363;1;1
802;17;73468888;2;2
803;12;30978466;1;1
804;14 ;7828821;2;2
805;15;36791978;1;1
806;18;27724175;1;1
807;19;92948449;2;2
808;16;44936216;1;1
809;16;26457164;1;1
810;15;94364029;2;2
811;13;3534226;2;2
812;12;96347342;2;2
813;18;93042722;2;2
814;15;45783980;1;1
815;13;21437848;2;2
816;12;5308186;1;1
817;19;24793691;1;1
818;19;84050315;1;1
819;11;89417227;2;2
820;17;97282215;2;2
821;19;49359188;2;2
822;19;80291566;1;1
823;11;53995087;1;1
824;14 ;15255556;1;1
825;20;65765930;1;1
826;11;30714419;1;1
827;13;6768812;1;1
828;19;98471273;1;1
829;18;80847768;2;2
830;17;4707251;2;2
831;13;29343622;2;2
832;12;67512963;2;2
833;13;46697984;1;1
834;15;87575930;2;2
835;18;16282455;2;2
836;15;55182461;2;2
837;17;56263868;1;1
838;11;12974877;1;1
839;15;10088066;2;2
840;11;4170759;2;2
841;13;17850061;1;1
842;19;67076294;1;1
843;11;18042083;1;1
844;19;19016182;1;1
845;17;62627649;1;1
846;15;95944012;1;1
847;13;29769857;2;2
848;14 ;85835404;2;2
849;13;10889898;2;2
850;14 ;77254452;2;2
851;20;50252802;1;1
852;13;20143868;2;2
853;19;2426938;2;2
854;19;38876965;2;2
855;20;16189938;1;1
856;16;67109430;2;2
857;18;99810274;2;2
858;17;98918625;2;2
859;18;68238603;1;1
860;16;73389768;2;2
861;16;14018635;1;1
862;20;5398192;2;2
863;13;72636660;2;2
864;13;31724637;2;2
865;15;16231573;2;2
866;13;54088712;2;2
867;15;36576088;1;1
868;18;8495013;1;1
869;11;92255057;2;2
870;19;70076520;1;1
871;12;25544703;2;2
872;12;35099030;2;2
873;20;66831778;1;1
874;14 ;35896485;1;1
875;18;36461458;1;1
876;12;73277198;2;2
877;18;84124948;2;2
878;14 ;56091378;2;2
879;15;99661695;2;2
880;14 ;41023949;2;2
881;12;80022600;1;1
882;11;93103857;1;1
883;11;36997269;2;2
884;18;62758221;2;2
885;12;45533179;2;2
886;18;71492680;1;1
887;16;20281629;1;1
888;15;7691037;2;2
889;16;9954572;1;1
890;16;92357605;1;1
891;13;52368673;2;2
892;12;84228444;2;2
893;11;35053600;2;2
894;19;72346051;1;1
895;14 ;87907620;1;1
896;14 ;46861278;2;2
897;14 ;61273389;2;2
898;14 ;47389131;1;1
899;16;38443625;1;1
900;14 ;81685304;1;1
901;19;75559185;2;2
902;17;10158818;1;1
903;12;35181847;1;1
904;16;25713894;1;1
905;12;2373964;1;1
906;11;15336772;1;1
907;11;33950305;2;2
908;19;52239575;2;2
909;13;92331913;1;1
910;17;84610294;2;2
911;14 ;94414114;1;1
912;19;58100258;1;1
913;11;28030825;2;2
914;12;2734818;1;1
915;19;80476124;2;2
916;11;63301329;2;2
917;13;15768286;2;2
918;12;74581223;1;1
919;19;56285949;1;1
920;19;88984449;2;2
921;17;1276826;2;2
922;18;60612462;2;2
923;12;18337140;1;1
924;18;32019816;2;2
925;17;84983658;1;1
926;14 ;6598740;1;1
927;15;26152690;1;1
928;12;85795258;1;1
929;13;87835196;1;1
930;16;42084295;2;2
931;18;30429947;2;2
932;16;76029814;2;2
933;17;1785331;1;1
934;11;92945601;2;2
935;18;2470237;2;2
936;14 ;88288290;2;2
937;14 ;25664252;1;1
938;20;59090619;2;2
939;11;76767537;1;1
940;13;16604777;1;1
941;18;13907281;1;1
942;12;94509940;2;2
943;19;29650720;1;1
944;18;65146524;2;2
945;11;43865583;1;1
946;15;70969951;2;2
947;13;26071985;2;2
948;16;50979106;1;1
949;14 ;73888301;1;1
950;14 ;72025378;1;1
951;11;9293082;2;2
952;20;75465842;2;2
953;14 ;42879500;2;2
954;12;16740774;1;1
955;18;13407584;2;2
956;15;1427388;1;1
957;11;4048255;1;1
958;16;28135035;1;1
959;20;47585018;1;1
960;11;16646220;1;1
961;19;53538752;2;2
962;16;75855239;1;1
963;15;48472385;2;2
964;19;71579554;2;2
965;16;36849928;2;2
966;14 ;18094859;2;2
967;12;40519723;2;2
968;20;70819152;1;1
969;19;40154370;1;1
970;15;82886981;1;1
971;11;58825590;1;1
972;18;65464973;1;1
973;17;96103068;2;2
974;14 ;1908521;2;2
975;19;29840707;1;1
976;12;36831976;1;1
977;18;33694546;2;2
978;14 ;27985101;2;2
979;19;53979150;2;2
980;16;78358438;1;1
981;12;64571032;2;2
982;11;93224097;1;1
983;19;32527613;1;1
984;17;14171224;1;1
985;18;82875383;2;2
986;12;74748409;1;1
987;17;76903424;1;1
988;11;47537065;1;1
989;20;71489988;1;1
990;17;96459609;1;1
991;18;45577030;2;2
992;20;87893487;1;1
993;16;93205115;1;1
994;11;80273589;1;1
995;13;93024237;2;2
996;12;51221622;2;2
997;16;46050272;2;2
998;16;52983356;2;2
999;18;53663401;1;1
1000;18;21227784;1;1
407;21;20766644302;2;2
31;22;40496568;1;1
165;38;61991921;1;1
148;30;36487555;1;1
315;38;20638068302;2;2
176;20;44033410;1;1
298;23;14321179;1;1
277;28;46833227;1;1
226;40;38161990;1;1
223;22;54355139;1;1
316;22;20861416027;2;2
196;18;13128671;1;1
458;22;20780601321;2;2
389;15;20255660233;2;2
304;29;20190026008;2;2
221;24;69813522;1;1
10;24;90520010;1;1
168;22;27785930;1;1
186;11;85089186;1;1
159;18;71650903;1;1
137;41;98611455;1;1
406;25;20929602951;2;2
84;32;92037340;1;1
346;38;20310193926;2;2
409;24;20095828050;2;2
259;24;68694927;1;1
145;41;85662745;1;1
34;45;44287974;1;1
56;41;44191656;1;1
397;22;20790347552;2;2
406;29;20929602951;2;2
349;25;20826989970;2;2
427;14 ;20597971343;2;2
261;15;30426771;1;1
223;31;54355139;1;1
97;23;55562141;1;1
157;24;42291896;1;1
402;31;20165212174;2;2
497;28;20113788142;2;2
364;19;20043661201;2;2
91;12;77876908;1;1
450;42;20920687740;2;2
359;34;20062728268;2;2
388;36;20151662716;2;2
384;17;20499875082;2;2
44;23;83581653;1;1
357;28;20139488893;2;2
146;26;46392535;1;1
111;43;29289996;1;1
359;32;20062728268;2;2
295;27;82536780;1;1
183;41;93020275;1;1
451;38;20810019416;2;2
86;23;69161940;1;1
443;18;20359749202;2;2
499;12;20959276550;2;2
214;15;33222507;1;1
221;21;69813522;1;1
316;14 ;20861416027;2;2
282;43;27698755;1;1
7;46;56679144;1;1
33;41;93956514;1;1
298;34;14321179;1;1
250;23;43031062;1;1
430;14 ;20662432978;2;2
28;13;70347136;1;1
492;46;20081143811;2;2
212;42;87185129;1;1
228;26;22840497;1;1
259;36;68694927;1;1
346;38;20310193926;2;2
85;46;63554229;1;1
180;28;85138348;1;1
356;18;20536403325;2;2
102;32;14320905;1;1
485;34;20568680306;2;2
352;31;20899922743;2;2
347;45;20386780999;2;2
133;26;70578236;1;1
365;34;20882109726;2;2
277;24;46833227;1;1
483;38;20538507857;2;2
318;23;20981104924;2;2
337;32;20718744374;2;2
191;29;59825302;1;1
322;41;20979752891;2;2
75;36;53755180;1;1
404;42;20480847588;2;2
153;13;37474632;1;1
201;12;47047640;1;1
261;14 ;30426771;1;1
221;44;69813522;1;1
170;46;92997107;1;1
313;29;20744113510;2;2
340;24;20824752378;2;2
441;22;20384943554;2;2
500;24;20932811789;2;2
388;13;20151662716;2;2
242;18;78376531;1;1
357;25;20139488893;2;2
193;30;55546166;1;1
256;35;23027948;1;1
109;26;80625314;1;1
438;25;20267074315;2;2
448;23;20814877695;2;2
369;26;20278129282;2;2
408;31;20682194310;2;2
361;27;20397858753;2;2
77;30;11866258;1;1
28;17;70347136;1;1
403;28;20580253234;2;2
384;24;20499875082;2;2
50;18;50252311;1;1
71;36;68257995;1;1
320;34;20482938625;2;2
428;24;20676742895;2;2
208;32;55863357;1;1
236;45;27198254;1;1
482;38;20466050895;2;2
452;20;20842782083;2;2
453;42;20839981850;2;2
93;13;18659923;1;1
283;17;61317750;1;1
300;20;20144707;1;1
35;22;68775546;1;1
329;46;20442391608;2;2
144;31;82794601;1;1
369;24;20278129282;2;2
117;28;17567520;1;1
92;17;65855593;1;1
299;21;12346512;1;1
144;26;82794601;1;1
248;39;99439033;1;1
441;40;20384943554;2;2
278;24;13076752;1;1
394;14 ;20210827617;2;2
368;16;20016495290;2;2
6;29;31935535;1;1
10;19;90520010;1;1
459;31;20538757529;2;2
257;24;91328517;1;1
346;17;20310193926;2;2
160;11;64013255;1;1
287;45;33321414;1;1
257;21;91328517;1;1
35;43;68775546;1;1
298;12;14321179;1;1
253;43;28776480;1;1
498;34;20990804585;2;2
315;16;20638068302;2;2
166;11;48632810;1;1
276;34;72089232;1;1
57;38;75923135;1;1
479;34;20685429727;2;2
113;18;42933485;1;1
5;14 ;10236637;1;1
106;39;94270379;1;1
197;24;36053783;1;1
199;22;96049172;1;1
464;23;20261777707;2;2
186;38;85089186;1;1
414;18;20063727460;2;2
496;42;20542289305;2;2
33;46;93956514;1;1
63;12;34762965;1;1
372;35;20619933139;2;2
29;21;41795693;1;1
196;22;13128671;1;1
100;32;41819332;1;1
91;38;77876908;1;1
264;12;28946107;1;1
310;18;20421245413;2;2
365;23;20882109726;2;2
471;11;20326417021;2;2
421;37;20139369133;2;2
280;25;55823923;1;1
442;43;20230956922;2;2
57;21;75923135;1;1
338;35;20558166758;2;2
265;33;68182889;1;1
384;45;20499875082;2;2
1;14 ;20371555;1;1
422;43;20774236074;2;2
312;24;20953765662;2;2
129;16;74767090;1;1
143;24;90584094;1;1
250;21;43031062;1;1
453;38;20839981850;2;2
52;24;79370509;1;1
493;44;20970551009;2;2
41;30;63548906;1;1
469;26;20084262886;2;2
52;17;79370509;1;1
489;45;20785328277;2;2
454;41;20351149566;2;2
15;36;50685872;1;1
219;43;16743754;1;1
425;24;20552961079;2;2
100;18;41819332;1;1
378;28;20091969037;2;2
246;22;17861202;1;1
97;14 ;55562141;1;1
298;21;14321179;1;1
383;32;20840788663;2;2
466;24;20829445311;2;2
9;32;35956616;1;1
191;33;59825302;1;1
426;24;20885384856;2;2
135;44;45696556;1;1
196;14 ;13128671;1;1
143;46;90584094;1;1
237;13;47161799;1;1
339;38;20978526621;2;2
455;35;20099578930;2;2
390;21;20122294716;2;2
443;25;20359749202;2;2
392;46;20297463870;2;2
393;41;20098810404;2;2
50;42;50252311;1;1
146;21;46392535;1;1
303;39;20362414268;2;2
401;11;20632846560;2;2
334;24;20274313525;2;2
416;25;20063604047;2;2
100;40;41819332;1;1
231;38;33536207;1;1
21;26;19541819;1;1
25;39;95311295;1;1
97;22;55562141;1;1
166;46;48632810;1;1
66;12;13965949;1;1
195;19;34582754;1;1
409;38;20095828050;2;2
432;45;20166496368;2;2
270;19;60791743;1;1
38;35;10153244;1;1
317;25;20366392285;2;2
363;11;20147269508;2;2
148;13;36487555;1;1
473;38;20555950817;2;2
381;18;20016552704;2;2
415;37;20638226765;2;2
155;42;35826388;1;1
398;33;20594959515;2;2
73;46;12130198;1;1
165;42;61991921;1;1
62;26;42067921;1;1
360;45;20023634763;2;2
13;11;45817517;1;1
409;28;20095828050;2;2
312;17;20953765662;2;2
325;38;20755903552;2;2
354;26;20143053557;2;2
130;46;23116375;1;1
393;24;20098810404;2;2
118;12;49534418;1;1
96;18;28645907;1;1
259;14 ;68694927;1;1
42;29;21353357;1;1
74;24;90718648;1;1
125;15;31291569;1;1
343;28;20096223149;2;2
173;14 ;41032798;1;1
62;14 ;42067921;1;1
371;27;20016514237;2;2
303;24;20362414268;2;2
496;38;20542289305;2;2
443;15;20359749202;2;2
200;45;33929015;1;1
151;34;69916654;1;1
465;23;20659097567;2;2
86;28;69161940;1;1
348;27;20618321823;2;2
279;17;32180071;1;1
316;20;20861416027;2;2
44;42;83581653;1;1
5;37;10236637;1;1
417;27;20948051222;2;2
357;29;20139488893;2;2
380;22;20599100175;2;2
207;35;63992566;1;1
22;26;80024975;1;1
381;26;20016552704;2;2
308;21;20469675998;2;2
477;36;20666597533;2;2
411;26;20174874262;2;2
345;36;20367696161;2;2
334;27;20274313525;2;2
398;43;20594959515;2;2
43;43;22148550;1;1
290;38;84838466;1;1
346;17;20310193926;2;2
56;44;44191656;1;1
276;42;72089232;1;1
50;32;50252311;1;1
114;22;85095668;1;1
118;12;49534418;1;1
456;35;20017998935;2;2
388;29;20151662716;2;2
464;30;20261777707;2;2
160;39;64013255;1;1
235;44;14676794;1;1
207;17;63992566;1;1
316;24;20861416027;2;2
364;30;20043661201;2;2
279;21;32180071;1;1
64;12;76253251;1;1
34;46;44287974;1;1
122;36;29691785;1;1
41;28;63548906;1;1
480;32;20257511937;2;2
485;40;20568680306;2;2
368;11;20016495290;2;2
100;15;41819332;1;1
208;42;55863357;1;1
382;13;20814351551;2;2
422;18;20774236074;2;2
270;13;60791743;1;1
36;12;81367734;1;1
195;11;34582754;1;1
265;37;68182889;1;1
295;26;82536780;1;1
250;36;43031062;1;1
81;36;24532220;1;1
26;12;60833131;1;1
296;41;63267341;1;1
55;33;36378300;1;1
276;37;72089232;1;1
289;24;15679989;1;1
368;38;20016495290;2;2
252;41;42750834;1;1
228;41;22840497;1;1
287;41;33321414;1;1
111;19;29289996;1;1
91;16;77876908;1;1
190;40;41616878;1;1
3;22;59523429;1;1
362;24;20828583231;2;2
410;30;20143368022;2;2
284;22;87423665;1;1
148;25;36487555;1;1
274;44;96415257;1;1
119;39;85939187;1;1
56;11;44191656;1;1
23;16;21958280;1;1
23;27;21958280;1;1
235;22;14676794;1;1
136;35;91262933;1;1
163;25;53489003;1;1
214;34;33222507;1;1
459;42;20538757529;2;2
200;20;33929015;1;1
411;31;20174874262;2;2
25;12;95311295;1;1
55;19;36378300;1;1
135;23;45696556;1;1
4;24;87834304;1;1
179;29;81194316;1;1
33;41;93956514;1;1
358;45;20686795534;2;2
428;23;20676742895;2;2
345;40;20367696161;2;2
109;24;80625314;1;1
226;38;38161990;1;1
443;23;20359749202;2;2
269;21;45668624;1;1
311;41;20079447253;2;2
253;35;28776480;1;1
437;24;20986546382;2;2
124;38;13993719;1;1
179;32;81194316;1;1
326;26;20553338373;2;2
278;14 ;13076752;1;1
41;27;63548906;1;1
326;35;20553338373;2;2
18;24;59269700;1;1
402;27;20165212174;2;2
452;34;20842782083;2;2
291;25;86138743;1;1
226;26;38161990;1;1
327;20;20790460249;2;2
38;29;10153244;1;1
221;27;69813522;1;1
431;28;20370608419;2;2
463;31;20999194120;2;2
358;19;20686795534;2;2
477;24;20666597533;2;2
369;36;20278129282;2;2
462;18;20056752611;2;2
273;31;37959691;1;1
61;46;89535911;1;1
405;21;20628732631;2;2
187;13;79875576;1;1
275;22;36451724;1;1
197;46;36053783;1;1
448;41;20814877695;2;2
474;24;20219263870;2;2
452;13;20842782083;2;2
402;42;20165212174;2;2
289;12;15679989;1;1
139;28;89067604;1;1
358;30;20686795534;2;2
49;26;40797344;1;1
164;20;87547672;1;1
396;29;20815519285;2;2
410;27;20143368022;2;2
200;33;33929015;1;1
331;19;20910604931;2;2
186;27;85089186;1;1
250;32;43031062;1;1
260;34;44883589;1;1
259;19;68694927;1;1
131;32;76312610;1;1
395;41;20739457532;2;2
378;23;20091969037;2;2
135;38;45696556;1;1
288;17;15526717;1;1
192;26;35850470;1;1
39;46;16019965;1;1
81;29;24532220;1;1
168;24;27785930;1;1
247;36;80472825;1;1
31;24;40496568;1;1
317;14 ;20366392285;2;2
492;11;20081143811;2;2
431;13;20370608419;2;2
81;39;24532220;1;1
134;35;83519788;1;1
301;25;20585775210;2;2
24;42;27554396;1;1
324;21;20042793047;2;2
44;27;83581653;1;1
338;36;20558166758;2;2
308;41;20469675998;2;2
464;18;20261777707;2;2
81;45;24532220;1;1
256;26;23027948;1;1
390;20;20122294716;2;2
46;24;79167686;1;1
308;39;20469675998;2;2
389;41;20255660233;2;2
225;24;31317224;1;1
444;16;20137384066;2;2
254;18;29962348;1;1
421;39;20139369133;2;2
436;27;20394865120;2;2
117;27;17567520;1;1
462;34;20056752611;2;2
496;19;20542289305;2;2
499;37;20959276550;2;2
272;23;50820592;1;1
411;20;20174874262;2;2
363;18;20147269508;2;2
86;39;69161940;1;1
389;20;20255660233;2;2
379;12;20267043561;2;2
62;26;42067921;1;1
85;31;63554229;1;1
304;22;20190026008;2;2
474;11;20219263870;2;2
449;29;20844062475;2;2
319;22;20193140048;2;2
315;37;20638068302;2;2
498;38;20990804585;2;2
11;20;84389342;1;1
261;38;30426771;1;1
56;11;44191656;1;1
323;16;20362124702;2;2
87;42;85114956;1;1
434;31;20736143708;2;2
87;26;85114956;1;1
20;28;97131621;1;1
287;38;33321414;1;1
447;24;20640012631;2;2
111;44;29289996;1;1
394;30;20210827617;2;2
298;43;14321179;1;1
256;43;23027948;1;1
205;16;96770551;1;1
362;36;20828583231;2;2
29;34;41795693;1;1
426;28;20885384856;2;2
238;29;50833522;1;1
356;24;20536403325;2;2
328;24;20196270452;2;2
314;36;20062242626;2;2
32;15;56010947;1;1
340;23;20824752378;2;2
378;27;20091969037;2;2
395;45;20739457532;2;2
134;14 ;83519788;1;1
154;44;46362851;1;1
339;20;20978526621;2;2
52;32;79370509;1;1
239;19;87713081;1;1
232;27;29884380;1;1
174;21;34527965;1;1
394;41;20210827617;2;2
108;34;40649144;1;1
224;37;94389470;1;1
252;29;42750834;1;1
43;17;22148550;1;1
43;33;22148550;1;1
253;46;28776480;1;1
212;29;87185129;1;1
315;23;20638068302;2;2
270;46;60791743;1;1
33;42;93956514;1;1
245;33;90228711;1;1
134;41;83519788;1;1
149;38;33416990;1;1
497;18;20113788142;2;2
60;41;26162564;1;1
158;35;93587805;1;1
355;27;20637022179;2;2
115;23;81517865;1;1
60;37;26162564;1;1
261;26;30426771;1;1
371;38;20016514237;2;2
56;45;44191656;1;1
85;27;63554229;1;1
227;21;28464595;1;1
298;29;14321179;1;1
426;33;20885384856;2;2
256;27;23027948;1;1
360;31;20023634763;2;2
79;44;61912909;1;1
46;39;79167686;1;1
80;24;95741720;1;1
328;32;20196270452;2;2
157;39;42291896;1;1
318;15;20981104924;2;2
301;41;20585775210;2;2
25;22;95311295;1;1
118;12;49534418;1;1
235;37;14676794;1;1
476;40;20951264459;2;2
272;11;50820592;1;1
439;38;20793277546;2;2
199;11;96049172;1;1
158;17;93587805;1;1
111;39;29289996;1;1
311;22;20079447253;2;2
95;23;76668529;1;1
404;43;20480847588;2;2
159;13;71650903;1;1
492;30;20081143811;2;2
409;37;20095828050;2;2
359;32;20062728268;2;2
465;23;20659097567;2;2
100;43;41819332;1;1
469;17;20084262886;2;2
221;45;69813522;1;1
222;24;76863998;1;1
120;19;43440875;1;1
113;44;42933485;1;1
122;28;29691785;1;1
153;33;37474632;1;1
195;24;34582754;1;1
14;19;60625918;1;1
305;20;20981428322;2;2
304;30;20190026008;2;2
120;30;43440875;1;1
34;37;44287974;1;1
71;24;68257995;1;1
487;24;20061424755;2;2
412;40;20930474841;2;2
356;13;20536403325;2;2
481;11;20445279562;2;2
252;22;42750834;1;1
87;32;85114956;1;1
339;21;20978526621;2;2
280;32;55823923;1;1
354;13;20143053557;2;2
358;46;20686795534;2;2
402;22;20165212174;2;2
181;28;56711959;1;1
22;39;80024975;1;1
293;21;58963707;1;1
138;29;27633544;1;1
434;16;20736143708;2;2
204;14 ;78447755;1;1
340;38;20824752378;2;2
267;36;92646700;1;1
344;25;20138423806;2;2
424;28;20025625575;2;2
491;36;20742934972;2;2
252;22;42750834;1;1
202;37;38281291;1;1
259;13;68694927;1;1
7;43;56679144;1;1
255;43;45596269;1;1
421;29;20139369133;2;2
345;11;20367696161;2;2
365;24;20882109726;2;2
264;31;28946107;1;1
135;34;45696556;1;1
214;30;33222507;1;1
270;36;60791743;1;1
441;24;20384943554;2;2
400;15;20933971732;2;2
357;24;20139488893;2;2
255;11;45596269;1;1
442;12;20230956922;2;2
189;11;55361139;1;1
42;12;21353357;1;1
474;24;20219263870;2;2
394;46;20210827617;2;2
192;23;35850470;1;1
379;21;20267043561;2;2
109;30;80625314;1;1
365;32;20882109726;2;2
488;39;20855392695;2;2
442;31;20230956922;2;2
76;30;85378850;1;1
213;20;66429311;1;1
485;34;20568680306;2;2
263;36;49114653;1;1
456;35;20017998935;2;2
242;44;78376531;1;1
15;38;50685872;1;1
496;39;20542289305;2;2
55;25;36378300;1;1
231;30;33536207;1;1
448;20;20814877695;2;2
166;21;48632810;1;1
14;33;60625918;1;1
395;40;20739457532;2;2
468;34;20425095574;2;2
394;36;20210827617;2;2
17;36;23814246;1;1
333;43;20569841805;2;2
457;32;20018155321;2;2
373;27;20773274193;2;2
46;33;79167686;1;1
434;17;20736143708;2;2
269;24;45668624;1;1
231;38;33536207;1;1
270;32;60791743;1;1
228;36;22840497;1;1
155;23;35826388;1;1
182;21;41878223;1;1
326;42;20553338373;2;2
324;16;20042793047;2;2
188;19;40639576;1;1
5;14 ;10236637;1;1
95;43;76668529;1;1
490;42;20981911368;2;2
176;12;44033410;1;1
293;34;58963707;1;1
390;16;20122294716;2;2
443;39;20359749202;2;2
81;40;24532220;1;1
310;24;20421245413;2;2
361;40;20397858753;2;2
306;33;20681819351;2;2
180;29;85138348;1;1
252;20;42750834;1;1
463;38;20999194120;2;2
349;26;20826989970;2;2
336;41;20561816645;2;2
461;44;20760504260;2;2
480;41;20257511937;2;2
74;12;90718648;1;1
227;32;28464595;1;1
298;43;14321179;1;1
347;13;20386780999;2;2
7;30;56679144;1;1
122;37;29691785;1;1
196;41;13128671;1;1
357;24;20139488893;2;2
287;42;33321414;1;1
481;32;20445279562;2;2
472;22;20799907521;2;2
320;31;20482938625;2;2
114;38;85095668;1;1
207;42;63992566;1;1
438;44;20267074315;2;2
151;20;69916654;1;1
78;32;83431347;1;1
248;39;99439033;1;1
348;41;20618321823;2;2
91;30;77876908;1;1
158;35;93587805;1;1
170;36;92997107;1;1
10;27;90520010;1;1
120;30;43440875;1;1
259;36;68694927;1;1
391;38;20029839477;2;2
14;24;60625918;1;1
478;24;20011425290;2;2
351;28;20995149078;2;2
99;44;12123795;1;1
333;20;20569841805;2;2
36;24;81367734;1;1
18;22;59269700;1;1
362;39;20828583231;2;2
436;31;20394865120;2;2
141;17;81953903;1;1
286;20;14976828;1;1
164;12;87547672;1;1
274;24;96415257;1;1
92;38;65855593;1;1
179;25;81194316;1;1
363;20;20147269508;2;2
256;29;23027948;1;1
106;37;94270379;1;1
177;35;86929047;1;1
284;45;87423665;1;1
373;11;20773274193;2;2
82;21;56910649;1;1
110;19;14667326;1;1
43;18;22148550;1;1
296;42;63267341;1;1
67;32;43171911;1;1
348;43;20618321823;2;2
393;34;20098810404;2;2
261;41;30426771;1;1
413;43;20264950266;2;2
379;39;20267043561;2;2
262;38;73995615;1;1
289;41;15679989;1;1
141;36;81953903;1;1
118;38;49534418;1;1
463;27;20999194120;2;2
237;40;47161799;1;1
176;32;44033410;1;1
497;11;20113788142;2;2
322;33;20979752891;2;2
140;21;69386064;1;1
193;20;55546166;1;1
80;41;95741720;1;1
163;15;53489003;1;1
190;26;41616878;1;1
444;24;20137384066;2;2
459;38;20538757529;2;2
429;18;20067490354;2;2
35;15;68775546;1;1
383;37;20840788663;2;2
317;39;20366392285;2;2
365;18;20882109726;2;2
26;36;60833131;1;1
301;38;20585775210;2;2
256;14 ;23027948;1;1
369;44;20278129282;2;2
216;12;84236271;1;1
335;18;20087425209;2;2
451;39;20810019416;2;2
431;41;20370608419;2;2
252;43;42750834;1;1
175;39;23241970;1;1
109;20;80625314;1;1
101;36;98343688;1;1
300;45;20144707;1;1
206;46;53926648;1;1
176;17;44033410;1;1
427;12;20597971343;2;2
356;24;20536403325;2;2
27;11;43851264;1;1
59;16;41682933;1;1
397;29;20790347552;2;2
448;40;20814877695;2;2
108;32;40649144;1;1
203;45;63939894;1;1
44;20;83581653;1;1
430;39;20662432978;2;2
408;25;20682194310;2;2
206;27;53926648;1;1
183;11;93020275;1;1
66;44;13965949;1;1
358;38;20686795534;2;2
287;26;33321414;1;1
218;38;21957150;1;1
123;33;66363983;1;1
365;40;20882109726;2;2
437;27;20986546382;2;2
344;21;20138423806;2;2
24;44;27554396;1;1
55;12;36378300;1;1
266;22;94746818;1;1
307;26;20815012837;2;2
315;29;20638068302;2;2
365;23;20882109726;2;2
468;29;20425095574;2;2
67;29;43171911;1;1
400;32;20933971732;2;2
442;20;20230956922;2;2
376;21;20675673993;2;2
46;29;79167686;1;1
277;37;46833227;1;1
76;35;85378850;1;1
86;25;69161940;1;1
78;19;83431347;1;1
433;11;20574651279;2;2
417;31;20948051222;2;2
255;30;45596269;1;1
457;25;20018155321;2;2
307;18;20815012837;2;2
436;43;20394865120;2;2
17;23;23814246;1;1
100;13;41819332;1;1
31;42;40496568;1;1
240;42;93511900;1;1
351;38;20995149078;2;2
491;26;20742934972;2;2
111;31;29289996;1;1
156;35;56671562;1;1
14;32;60625918;1;1
346;29;20310193926;2;2
440;45;20749006345;2;2
239;16;87713081;1;1
349;43;20826989970;2;2
210;12;74751993;1;1
295;22;82536780;1;1
446;27;20552892196;2;2
332;43;20099821963;2;2
240;14 ;93511900;1;1
358;30;20686795534;2;2
398;34;20594959515;2;2
490;13;20981911368;2;2
20;44;97131621;1;1
447;28;20640012631;2;2
246;23;17861202;1;1
320;40;20482938625;2;2
374;17;20651141039;2;2
278;15;13076752;1;1
417;21;20948051222;2;2
120;24;43440875;1;1
171;17;17488253;1;1
114;26;85095668;1;1
117;33;17567520;1;1
474;39;20219263870;2;2
130;14 ;23116375;1;1
425;34;20552961079;2;2
462;28;20056752611;2;2
263;35;49114653;1;1
279;20;32180071;1;1
330;16;20224680532;2;2
65;33;42154297;1;1
32;16;56010947;1;1
305;13;20981428322;2;2
313;24;20744113510;2;2
222;12;76863998;1;1
142;31;59854728;1;1
184;23;81381077;1;1
208;17;55863357;1;1
304;39;20190026008;2;2
5;24;10236637;1;1
26;13;60833131;1;1
99;46;12123795;1;1
404;37;20480847588;2;2
90;14 ;78424484;1;1
229;22;43929606;1;1
89;33;65398052;1;1
497;27;20113788142;2;2
311;21;20079447253;2;2
470;32;20265146631;2;2
433;26;20574651279;2;2
132;18;32746615;1;1
53;29;19291679;1;1
408;26;20682194310;2;2
3;34;59523429;1;1
487;42;20061424755;2;2
54;39;78897504;1;1
152;42;25210545;1;1
77;22;11866258;1;1
330;22;20224680532;2;2
200;17;33929015;1;1
418;26;20956333660;2;2
272;26;50820592;1;1
187;14 ;79875576;1;1
138;27;27633544;1;1
184;17;81381077;1;1
363;43;20147269508;2;2
21;34;19541819;1;1
279;41;32180071;1;1
418;34;20956333660;2;2
58;36;10183653;1;1
22;12;80024975;1;1
425;24;20552961079;2;2
202;39;38281291;1;1
452;19;20842782083;2;2
17;33;23814246;1;1
340;20;20824752378;2;2
459;11;20538757529;2;2
196;31;13128671;1;1
85;37;63554229;1;1
165;40;61991921;1;1
313;12;20744113510;2;2
477;46;20666597533;2;2
446;15;20552892196;2;2
177;19;86929047;1;1
184;14 ;81381077;1;1
360;17;20023634763;2;2
438;42;20267074315;2;2
343;25;20096223149;2;2
323;23;20362124702;2;2
335;43;20087425209;2;2
131;27;76312610;1;1
32;24;56010947;1;1
254;42;29962348;1;1
499;44;20959276550;2;2
195;16;34582754;1;1
329;16;20442391608;2;2
480;40;20257511937;2;2
243;45;33115993;1;1
478;31;20011425290;2;2
229;14 ;43929606;1;1
278;13;13076752;1;1
360;37;20023634763;2;2
210;39;74751993;1;1
339;46;20978526621;2;2
290;26;84838466;1;1
133;26;70578236;1;1
171;15;17488253;1;1
139;35;89067604;1;1
463;45;20999194120;2;2
341;18;20723842185;2;2
124;24;13993719;1;1
406;43;20929602951;2;2
231;24;33536207;1;1
58;30;10183653;1;1
453;30;20839981850;2;2
186;38;85089186;1;1
98;22;53117129;1;1
342;25;20281878181;2;2
138;35;27633544;1;1
338;38;20558166758;2;2
32;34;56010947;1;1
451;40;20810019416;2;2
213;40;66429311;1;1
407;42;20766644302;2;2
388;21;20151662716;2;2
294;14 ;81119508;1;1
394;45;20210827617;2;2
217;14 ;84872425;1;1
220;37;45924894;1;1
231;25;33536207;1;1
126;13;26069570;1;1
81;36;24532220;1;1
338;27;20558166758;2;2
442;45;20230956922;2;2
267;11;92646700;1;1
409;39;20095828050;2;2
127;26;27078026;1;1
429;17;20067490354;2;2
324;21;20042793047;2;2
98;15;53117129;1;1
312;11;20953765662;2;2
352;28;20899922743;2;2
359;44;20062728268;2;2
245;28;90228711;1;1
388;23;20151662716;2;2
214;25;33222507;1;1
419;12;20387728785;2;2
383;44;20840788663;2;2
404;13;20480847588;2;2
171;30;17488253;1;1
105;12;16727545;1;1
364;45;20043661201;2;2
233;25;83464777;1;1
419;17;20387728785;2;2
142;39;59854728;1;1
410;38;20143368022;2;2
143;25;90584094;1;1
4;23;87834304;1;1
333;30;20569841805;2;2
320;32;20482938625;2;2
169;32;31920692;1;1
255;31;45596269;1;1
220;21;45924894;1;1
73;30;12130198;1;1
162;33;33516913;1;1
192;24;35850470;1;1
372;30;20619933139;2;2
151;21;69916654;1;1
426;23;20885384856;2;2
281;30;34863354;1;1
209;28;32125670;1;1
45;39;61189485;1;1
102;26;14320905;1;1
231;44;33536207;1;1
457;19;20018155321;2;2
408;23;20682194310;2;2
350;37;20063364523;2;2
302;18;20340766225;2;2
475;20;20382714220;2;2
133;18;70578236;1;1
139;30;89067604;1;1
164;41;87547672;1;1
220;11;45924894;1;1
462;22;20056752611;2;2
164;15;87547672;1;1
275;34;36451724;1;1
4;19;87834304;1;1
254;43;29962348;1;1
397;12;20790347552;2;2
44;46;83581653;1;1
234;15;96882930;1;1
474;20;20219263870;2;2
2;1;45048096;1;1
3;2;59523429;1;1
4;8;87834304;1;1
5;9;10236637;1;1
6;7;31935535;1;1
7;2;56679144;1;1
8;3;74954129;1;1
9;8;35956616;1;1
10;9;90520010;1;1
11;10;84389342;1;1
12;2;62481694;1;1
13;4;45817517;1;1
14;7;60625918;1;1
15;8;50685872;1;1
16;4;34695713;1;1
17;2;23814246;1;1
18;2;59269700;1;1
19;3;75277155;1;1
20;2;97131621;1;1
21;3;19541819;1;1
22;6;80024975;1;1
23;9;21958280;1;1
24;6;27554396;1;1
25;5;95311295;1;1
26;9;60833131;1;1
27;1;43851264;1;1
28;6;70347136;1;1
29;3;41795693;1;1
30;4;97535228;1;1
31;5;40496568;1;1
32;8;56010947;1;1
33;10;93956514;1;1
34;6;44287974;1;1
35;5;68775546;1;1
36;1;81367734;1;1
37;5;47397556;1;1
38;1;10153244;1;1
39;2;16019965;1;1
40;9;84277654;1;1
41;10;63548906;1;1
42;2;21353357;1;1
43;8;22148550;1;1
44;10;83581653;1;1
45;1;61189485;1;1
46;3;79167686;1;1
47;7;17761403;1;1
48;2;39354362;1;1
49;3;40797344;1;1
50;4;50252311;1;1
51;9;72480617;1;1
52;6;79370509;1;1
53;2;19291679;1;1
54;4;78897504;1;1
55;9;36378300;1;1
56;7;44191656;1;1
57;8;75923135;1;1
58;8;10183653;1;1
59;7;41682933;1;1
60;5;26162564;1;1
61;10;89535911;1;1
62;10;42067921;1;1
63;2;34762965;1;1
64;10;76253251;1;1
65;4;42154297;1;1
66;10;13965949;1;1
67;10;43171911;1;1
68;6;19142565;1;1
69;2;18910807;1;1
70;4;31345476;1;1
71;10;68257995;1;1
72;6;21798318;1;1
73;9;12130198;1;1
74;2;90718648;1;1
75;3;53755180;1;1
76;6;85378850;1;1
77;9;11866258;1;1
78;3;83431347;1;1
79;4;61912909;1;1
80;10;95741720;1;1
81;8;24532220;1;1
82;9;56910649;1;1
83;7;36378651;1;1
84;5;92037340;1;1
85;3;63554229;1;1
86;5;69161940;1;1
87;10;85114956;1;1
88;1;49115068;1;1
89;8;65398052;1;1
90;4;78424484;1;1
91;5;77876908;1;1
92;2;65855593;1;1
93;8;18659923;1;1
94;4;12127627;1;1
95;10;76668529;1;1
96;4;28645907;1;1
97;1;55562141;1;1
98;4;53117129;1;1
99;1;12123795;1;1
100;4;41819332;1;1
101;8;98343688;1;1
102;3;14320905;1;1
103;5;45591692;1;1
104;6;60034688;1;1
105;8;16727545;1;1
106;8;94270379;1;1
107;6;16271366;1;1
108;3;40649144;1;1
109;6;80625314;1;1
110;2;14667326;1;1
111;9;29289996;1;1
112;2;97695670;1;1
113;4;42933485;1;1
114;10;85095668;1;1
115;5;81517865;1;1
116;2;98783613;1;1
117;5;17567520;1;1
118;2;49534418;1;1
119;2;85939187;1;1
120;2;43440875;1;1
121;5;98155033;1;1
122;4;29691785;1;1
123;10;66363983;1;1
124;7;13993719;1;1
125;3;31291569;1;1
126;5;26069570;1;1
127;3;27078026;1;1
128;1;46549836;1;1
129;8;74767090;1;1
130;4;23116375;1;1
131;2;76312610;1;1
132;8;32746615;1;1
133;6;70578236;1;1
134;5;83519788;1;1
135;2;45696556;1;1
136;3;91262933;1;1
137;1;98611455;1;1
138;8;27633544;1;1
139;7;89067604;1;1
140;3;69386064;1;1
141;3;81953903;1;1
142;5;59854728;1;1
143;10;90584094;1;1
144;9;82794601;1;1
145;10;85662745;1;1
146;2;46392535;1;1
147;6;50895142;1;1
148;6;36487555;1;1
149;2;33416990;1;1
150;5;99085845;1;1
151;8;69916654;1;1
152;1;25210545;1;1
153;3;37474632;1;1
154;4;46362851;1;1
155;8;35826388;1;1
156;6;56671562;1;1
157;4;42291896;1;1
158;8;93587805;1;1
159;10;71650903;1;1
160;4;64013255;1;1
161;10;92296961;1;1
162;7;33516913;1;1
163;6;53489003;1;1
164;3;87547672;1;1
165;5;61991921;1;1
166;10;48632810;1;1
167;8;97964909;1;1
168;6;27785930;1;1
169;7;31920692;1;1
170;1;92997107;1;1
171;7;17488253;1;1
172;10;93365932;1;1
173;1;41032798;1;1
174;3;34527965;1;1
175;3;23241970;1;1
176;2;44033410;1;1
177;4;86929047;1;1
178;3;26419001;1;1
179;7;81194316;1;1
180;9;85138348;1;1
181;6;56711959;1;1
182;8;41878223;1;1
183;1;93020275;1;1
184;4;81381077;1;1
185;1;10317070;1;1
186;4;85089186;1;1
187;8;79875576;1;1
188;5;40639576;1;1
189;2;55361139;1;1
190;4;41616878;1;1
191;8;59825302;1;1
192;7;35850470;1;1
193;3;55546166;1;1
194;8;58788816;1;1
195;5;34582754;1;1
196;9;13128671;1;1
197;7;36053783;1;1
198;9;51711051;1;1
199;8;96049172;1;1
200;7;33929015;1;1
201;4;47047640;1;1
202;9;38281291;1;1
203;10;63939894;1;1
204;6;78447755;1;1
205;1;96770551;1;1
206;6;53926648;1;1
207;2;63992566;1;1
208;2;55863357;1;1
209;6;32125670;1;1
210;3;74751993;1;1
211;7;89010655;1;1
212;3;87185129;1;1
213;5;66429311;1;1
214;4;33222507;1;1
215;2;38160502;1;1
216;7;84236271;1;1
217;9;84872425;1;1
218;10;21957150;1;1
219;8;16743754;1;1
220;4;45924894;1;1
221;3;69813522;1;1
222;3;76863998;1;1
223;3;54355139;1;1
224;4;94389470;1;1
225;9;31317224;1;1
226;7;38161990;1;1
227;7;28464595;1;1
228;9;22840497;1;1
229;5;43929606;1;1
230;4;99040470;1;1
231;10;33536207;1;1
232;5;29884380;1;1
233;6;83464777;1;1
234;8;96882930;1;1
235;1;14676794;1;1
236;2;27198254;1;1
237;1;47161799;1;1
238;3;50833522;1;1
239;1;87713081;1;1
240;6;93511900;1;1
241;9;29061927;1;1
242;2;78376531;1;1
243;1;33115993;1;1
244;7;68574489;1;1
245;4;90228711;1;1
246;10;17861202;1;1
247;7;80472825;1;1
248;9;99439033;1;1
249;6;77461152;1;1
250;6;43031062;1;1
251;4;65425137;1;1
252;7;42750834;1;1
253;9;28776480;1;1
254;5;29962348;1;1
255;8;45596269;1;1
256;5;23027948;1;1
257;10;91328517;1;1
258;6;40275066;1;1
259;2;68694927;1;1
260;4;44883589;1;1
261;2;30426771;1;1
262;2;73995615;1;1
263;8;49114653;1;1
264;1;28946107;1;1
265;3;68182889;1;1
266;9;94746818;1;1
267;4;92646700;1;1
268;3;34528742;1;1
269;7;45668624;1;1
270;10;60791743;1;1
271;4;13395402;1;1
272;2;50820592;1;1
273;1;37959691;1;1
274;2;96415257;1;1
275;10;36451724;1;1
276;5;72089232;1;1
277;4;46833227;1;1
278;2;13076752;1;1
279;6;32180071;1;1
280;4;55823923;1;1
281;7;34863354;1;1
282;10;27698755;1;1
283;3;61317750;1;1
284;9;87423665;1;1
285;3;48867007;1;1
286;2;14976828;1;1
287;1;33321414;1;1
288;10;15526717;1;1
289;7;15679989;1;1
290;6;84838466;1;1
291;6;86138743;1;1
292;2;49555466;1;1
293;5;58963707;1;1
294;3;81119508;1;1
295;1;82536780;1;1
296;9;63267341;1;1
297;3;83887814;1;1
299;4;12346512;1;1
300;1;20144707;1;1
301;8;20585775210;2;2
302;10;20340766225;2;2
303;5;20362414268;2;2
304;7;20190026008;2;2
305;8;20981428322;2;2
306;8;20681819351;2;2
307;7;20815012837;2;2
308;4;20469675998;2;2
309;6;20485672592;2;2
310;9;20421245413;2;2
311;7;20079447253;2;2
312;2;20953765662;2;2
313;10;20744113510;2;2
314;10;20062242626;2;2
315;2;20638068302;2;2
316;4;20861416027;2;2
317;3;20366392285;2;2
318;9;20981104924;2;2
319;4;20193140048;2;2
320;8;20482938625;2;2
321;3;20245101191;2;2
322;1;20979752891;2;2
323;2;20362124702;2;2
324;7;20042793047;2;2
325;4;20755903552;2;2
326;1;20553338373;2;2
327;4;20790460249;2;2
328;8;20196270452;2;2
329;5;20442391608;2;2
330;4;20224680532;2;2
331;9;20910604931;2;2
332;1;20099821963;2;2
333;6;20569841805;2;2
334;2;20274313525;2;2
335;4;20087425209;2;2
336;1;20561816645;2;2
337;7;20718744374;2;2
338;9;20558166758;2;2
339;1;20978526621;2;2
340;2;20824752378;2;2
341;5;20723842185;2;2
342;1;20281878181;2;2
343;2;20096223149;2;2
344;10;20138423806;2;2
345;8;20367696161;2;2
346;5;20310193926;2;2
347;7;20386780999;2;2
348;4;20618321823;2;2
349;10;20826989970;2;2
350;2;20063364523;2;2
351;6;20995149078;2;2
352;8;20899922743;2;2
353;1;20825568406;2;2
354;2;20143053557;2;2
355;4;20637022179;2;2
356;3;20536403325;2;2
357;9;20139488893;2;2
358;2;20686795534;2;2
359;10;20062728268;2;2
360;9;20023634763;2;2
361;6;20397858753;2;2
362;1;20828583231;2;2
363;10;20147269508;2;2
364;1;20043661201;2;2
365;9;20882109726;2;2
366;9;20741749020;2;2
367;4;20987040563;2;2
368;4;20016495290;2;2
369;1;20278129282;2;2
370;7;20411442034;2;2
371;7;20016514237;2;2
372;10;20619933139;2;2
373;1;20773274193;2;2
374;4;20651141039;2;2
375;4;20889270632;2;2
376;2;20675673993;2;2
377;8;20515437318;2;2
378;9;20091969037;2;2
379;6;20267043561;2;2
380;2;20599100175;2;2
381;3;20016552704;2;2
382;7;20814351551;2;2
383;5;20840788663;2;2
384;1;20499875082;2;2
385;6;20418123117;2;2
386;1;20662484213;2;2
387;2;20050379817;2;2
388;8;20151662716;2;2
389;9;20255660233;2;2
390;7;20122294716;2;2
391;10;20029839477;2;2
392;9;20297463870;2;2
393;2;20098810404;2;2
394;3;20210827617;2;2
395;8;20739457532;2;2
396;1;20815519285;2;2
397;2;20790347552;2;2
398;5;20594959515;2;2
399;9;20425130047;2;2
400;6;20933971732;2;2
401;7;20632846560;2;2
402;9;20165212174;2;2
403;7;20580253234;2;2
404;7;20480847588;2;2
405;10;20628732631;2;2
406;8;20929602951;2;2
407;4;20766644302;2;2
408;10;20682194310;2;2
409;4;20095828050;2;2
410;6;20143368022;2;2
411;3;20174874262;2;2
412;10;20930474841;2;2
413;10;20264950266;2;2
414;4;20063727460;2;2
415;8;20638226765;2;2
416;4;20063604047;2;2
417;1;20948051222;2;2
418;9;20956333660;2;2
419;3;20387728785;2;2
420;4;20315063646;2;2
421;1;20139369133;2;2
422;1;20774236074;2;2
423;8;20896541963;2;2
424;4;20025625575;2;2
425;7;20552961079;2;2
426;7;20885384856;2;2
427;8;20597971343;2;2
428;8;20676742895;2;2
429;9;20067490354;2;2
430;6;20662432978;2;2
431;3;20370608419;2;2
432;3;20166496368;2;2
433;2;20574651279;2;2
434;10;20736143708;2;2
435;8;20042960530;2;2
436;9;20394865120;2;2
437;2;20986546382;2;2
438;1;20267074315;2;2
439;5;20793277546;2;2
440;3;20749006345;2;2
441;2;20384943554;2;2
442;7;20230956922;2;2
443;10;20359749202;2;2
444;6;20137384066;2;2
445;2;20057537096;2;2
446;9;20552892196;2;2
447;3;20640012631;2;2
448;2;20814877695;2;2
449;4;20844062475;2;2
450;4;20920687740;2;2
451;7;20810019416;2;2
452;9;20842782083;2;2
453;4;20839981850;2;2
454;7;20351149566;2;2
455;5;20099578930;2;2
456;9;20017998935;2;2
457;5;20018155321;2;2
458;7;20780601321;2;2
459;2;20538757529;2;2
460;3;20433600927;2;2
461;10;20760504260;2;2
462;9;20056752611;2;2
463;2;20999194120;2;2
464;3;20261777707;2;2
465;6;20659097567;2;2
466;4;20829445311;2;2
467;6;20383215263;2;2
468;2;20425095574;2;2
469;6;20084262886;2;2
470;4;20265146631;2;2
471;9;20326417021;2;2
472;7;20799907521;2;2
473;2;20555950817;2;2
474;2;20219263870;2;2
475;3;20382714220;2;2
476;4;20951264459;2;2
477;3;20666597533;2;2
478;5;20011425290;2;2
479;6;20685429727;2;2
480;9;20257511937;2;2
481;3;20445279562;2;2
482;5;20466050895;2;2
483;7;20538507857;2;2
484;3;20382770268;2;2
485;5;20568680306;2;2
486;8;20976255221;2;2
487;2;20061424755;2;2
488;7;20855392695;2;2
489;2;20785328277;2;2
490;4;20981911368;2;2
491;1;20742934972;2;2
492;4;20081143811;2;2
493;8;20970551009;2;2
494;10;20481276053;2;2
495;10;20280970417;2;2
496;1;20542289305;2;2
497;9;20113788142;2;2
498;5;20990804585;2;2
499;8;20959276550;2;2
500;9;20932811789;2;2
501;8;68061236;1;1
502;2;6224670;2;2
503;1;22824092;1;1
504;5;90188188;1;1
505;5;18028704;2;2
506;8;69643098;1;1
507;8;46026749;1;1
508;2;58656442;1;1
509;7;71345752;1;1
510;6;13617876;1;1
511;7;12440709;1;1
512;1;49148090;2;2
513;10;26699690;1;1
514;9;42913150;2;2
515;6;84907662;1;1
516;7;13811650;1;1
517;2;10927549;1;1
518;4;69026694;2;2
519;4;19709960;1;1
520;8;62268495;1;1
521;8;36628914;2;2
522;4;98889315;1;1
523;10;12391853;1;1
524;5;21324575;1;1
525;3;45689094;2;2
526;7;57366569;2;2
527;8;73576027;2;2
528;10;69173067;1;1
529;6;84823298;1;1
530;8;24469013;2;2
531;5;6540319;1;1
532;5;24630063;1;1
533;5;99586619;1;1
534;9;2432872;1;1
535;7;48237890;1;1
536;2;91315142;1;1
537;10;77500195;1;1
538;4;41361263;1;1
539;8;83478096;1;1
540;6;89768636;1;1
541;4;47328152;2;2
542;7;83152826;1;1
543;9;19425021;1;1
544;4;25311469;1;1
545;3;86542164;1;1
546;7;88464428;1;1
547;3;61095993;2;2
548;3;31316291;1;1
549;8;96145309;2;2
550;10;87625813;2;2
551;9;94228710;2;2
552;8;38653341;2;2
553;1;59889548;2;2
554;8;92602746;1;1
555;8;71746717;2;2
556;4;84771822;1;1
557;9;54214356;2;2
558;3;34161295;1;1
559;1;97905180;2;2
560;1;60518838;2;2
561;7;9281995;1;1
562;4;74341685;1;1
563;2;30196610;1;1
564;9;40309980;1;1
565;5;73937215;2;2
566;3;56687260;1;1
567;4;30654687;1;1
568;9;45766708;2;2
569;5;73787198;2;2
570;1;71018398;1;1
571;3;33849035;2;2
572;1;66625489;1;1
573;2;52312624;1;1
574;7;51741273;1;1
575;9;5641539;1;1
576;7;30010737;2;2
577;9;73062085;1;1
578;6;15095108;1;1
579;8;26518586;1;1
580;5;17042851;2;2
581;7;48720470;2;2
582;9;45635170;1;1
583;8;95141344;2;2
584;6;52499764;2;2
585;8;44075361;1;1
586;1;41996929;2;2
587;8;36892155;2;2
588;5;92992019;1;1
589;5;48861568;1;1
590;2;98424031;1;1
591;2;83856022;2;2
592;2;41719274;1;1
593;1;37558389;2;2
594;3;39731526;2;2
596;7;73446903;1;1
597;6;55856455;2;2
598;6;47690019;2;2
599;10;87695672;1;1
600;10;25084167;1;1
601;3;42936379;2;2
602;2;96309362;1;1
603;2;9485314;2;2
604;9;29210489;1;1
605;6;27011879;1;1
606;7;98531000;1;1
607;7;41635541;2;2
608;7;88856738;2;2
609;4;46216231;2;2
610;2;79632392;2;2
611;2;40930118;2;2
612;8;34059744;1;1
613;5;21586989;1;1
614;9;21495891;1;1
615;6;7499616;2;2
616;5;48075447;1;1
617;3;73559889;1;1
618;6;40260593;1;1
619;3;87228722;1;1
620;10;37387333;1;1
621;1;25700837;2;2
622;2;40492917;2;2
623;4;81235668;1;1
624;9;66263303;2;2
625;5;40304184;1;1
626;6;62143545;1;1
627;9;97395105;2;2
628;6;85953188;1;1
629;3;65689412;1;1
630;9;15849030;1;1
631;7;9289032;1;1
632;9;54242245;1;1
633;1;11592386;1;1
634;10;67319642;1;1
635;2;67379302;1;1
636;7;49833175;2;2
637;7;11159021;1;1
638;10;10795179;1;1
639;9;47353880;1;1
640;8;51635281;1;1
641;2;75629349;1;1
642;9;55870854;1;1
643;5;32571021;1;1
644;3;88672035;2;2
645;2;40684788;2;2
646;4;80504301;1;1
647;1;71271639;2;2
648;3;14086869;1;1
649;8;18130029;1;1
650;4;4567748;1;1
651;5;84123800;1;1
652;6;88483415;1;1
653;10;70313367;1;1
654;5;47084671;2;2
655;1;70502963;2;2
656;7;27782461;2;2
657;5;33667028;1;1
658;10;3092511;2;2
659;10;34979073;2;2
660;2;23615707;2;2
661;6;83982511;1;1
662;3;66797451;2;2
663;10;3143145;1;1
664;8;99870859;2;2
665;7;49902820;2;2
666;2;37268911;2;2
667;3;81461441;2;2
668;6;75625068;1;1
669;4;1641907;2;2
670;3;84589586;1;1
671;1;96644923;2;2
672;6;44519781;1;1
673;1;35350610;1;1
674;9;64736064;1;1
675;9;73955755;2;2
676;9;37170898;2;2
677;1;86013124;1;1
678;8;63666196;2;2
679;7;60332181;2;2
680;7;88620917;1;1
681;8;72004469;2;2
682;2;67489405;1;1
683;7;99321858;2;2
684;4;83775340;1;1
685;8;11678372;2;2
686;6;45483190;2;2
687;6;9335792;2;2
688;8;4496010;2;2
689;7;38874810;1;1
690;9;56096304;2;2
691;3;20637599;1;1
692;2;70951502;1;1
693;5;86915846;1;1
694;7;67106989;1;1
695;8;36315995;2;2
696;8;21257862;1;1
697;5;46896252;2;2
698;4;72865823;1;1
699;8;35945471;1;1
700;6;74849458;2;2
701;5;4341938;1;1
702;3;79999741;1;1
703;6;81414342;2;2
704;2;27456419;2;2
705;6;66312255;2;2
706;10;26168322;2;2
707;6;38169876;1;1
708;9;80295131;1;1
709;3;78385433;1;1
710;4;34538515;1;1
711;9;1238441;1;1
712;9;26719774;1;1
713;8;46114029;1;1
714;10;53408358;1;1
715;10;98054202;2;2
716;10;89351495;1;1
717;4;56547347;2;2
718;5;51556339;2;2
719;10;88309566;2;2
720;10;91224744;2;2
721;2;57907859;1;1
722;10;25093140;2;2
723;2;93852273;1;1
724;7;41605835;2;2
725;7;32003368;1;1
726;9;23209661;2;2
727;2;62099074;1;1
728;9;5871648;1;1
729;10;89233989;1;1
730;4;12215700;2;2
731;2;7869662;1;1
732;5;7395036;1;1
733;8;24176423;1;1
734;7;57408841;2;2
735;1;76644161;2;2
736;3;6508825;2;2
737;10;32822476;1;1
738;7;14729831;1;1
739;10;69465951;1;1
740;10;7465670;2;2
741;6;31686474;2;2
742;1;80441996;2;2
743;2;12282117;2;2
744;4;65587805;1;1
745;6;98394976;2;2
746;3;95564890;2;2
747;10;55632174;2;2
748;3;36423759;1;1
749;3;18138434;1;1
750;10;88872123;2;2
751;3;12834779;1;1
752;4;48623515;1;1
753;2;94318483;1;1
754;2;24912984;2;2
755;3;32427362;2;2
756;8;68726684;1;1
757;6;49005666;2;2
758;4;72923860;1;1
759;4;23663987;1;1
760;1;81843066;2;2
761;8;17702410;1;1
762;10;79806396;1;1
763;5;5823346;1;1
764;2;26775587;2;2
765;6;44305311;2;2
766;5;10737797;1;1
767;9;21298942;1;1
768;6;5376259;1;1
769;3;80640011;1;1
770;2;34463635;2;2
771;6;6792163;1;1
772;10;20121918;1;1
773;1;86599854;2;2
774;4;83867377;2;2
775;5;58131840;1;1
776;3;82967367;2;2
777;3;73286044;2;2
778;8;24656890;2;2
779;5;24610185;1;1
780;9;85998223;1;1
781;4;1511721;2;2
782;1;88052173;1;1
783;8;28530267;2;2
784;6;91956958;2;2
785;10;26906142;2;2
786;2;44511997;2;2
787;4;34481802;1;1
788;1;95541049;2;2
789;10;32107316;1;1
790;4;47598528;2;2
791;9;90398205;2;2
792;1;84205783;1;1
793;10;82280577;2;2
794;5;82262251;2;2
795;5;93238681;1;1
796;3;36390591;1;1
797;5;52630781;2;2
798;5;5781873;1;1
799;10;92266657;1;1
800;10;86028255;1;1
801;6;76936363;1;1
802;2;73468888;2;2
803;1;30978466;1;1
804;1;7828821;2;2
805;10;36791978;1;1
806;7;27724175;1;1
807;10;92948449;2;2
808;2;44936216;1;1
809;9;26457164;1;1
810;3;94364029;2;2
811;7;3534226;2;2
812;3;96347342;2;2
813;4;93042722;2;2
814;7;45783980;1;1
815;6;21437848;2;2
816;7;5308186;1;1
817;10;24793691;1;1
818;9;84050315;1;1
819;8;89417227;2;2
820;8;97282215;2;2
821;7;49359188;2;2
822;3;80291566;1;1
823;2;53995087;1;1
824;2;15255556;1;1
825;5;65765930;1;1
826;3;30714419;1;1
827;5;6768812;1;1
828;3;98471273;1;1
829;7;80847768;2;2
830;9;4707251;2;2
831;8;29343622;2;2
832;3;67512963;2;2
833;4;46697984;1;1
834;8;87575930;2;2
835;4;16282455;2;2
836;6;55182461;2;2
837;1;56263868;1;1
838;7;12974877;1;1
839;5;10088066;2;2
840;10;4170759;2;2
841;10;17850061;1;1
842;3;67076294;1;1
843;1;18042083;1;1
844;1;19016182;1;1
845;1;62627649;1;1
846;6;95944012;1;1
847;1;29769857;2;2
848;1;85835404;2;2
849;8;10889898;2;2
850;5;77254452;2;2
851;2;50252802;1;1
852;6;20143868;2;2
853;1;2426938;2;2
854;10;38876965;2;2
855;2;16189938;1;1
856;10;67109430;2;2
857;4;99810274;2;2
858;2;98918625;2;2
859;10;68238603;1;1
860;3;73389768;2;2
861;10;14018635;1;1
862;3;5398192;2;2
863;9;72636660;2;2
864;6;31724637;2;2
865;7;16231573;2;2
866;1;54088712;2;2
867;8;36576088;1;1
868;10;8495013;1;1
869;6;92255057;2;2
870;8;70076520;1;1
871;10;25544703;2;2
872;2;35099030;2;2
873;1;66831778;1;1
874;7;35896485;1;1
875;1;36461458;1;1
876;10;73277198;2;2
877;4;84124948;2;2
878;4;56091378;2;2
879;1;99661695;2;2
880;3;41023949;2;2
881;4;80022600;1;1
882;6;93103857;1;1
883;2;36997269;2;2
884;2;62758221;2;2
885;7;45533179;2;2
886;3;71492680;1;1
887;9;20281629;1;1
888;10;7691037;2;2
889;6;9954572;1;1
890;2;92357605;1;1
891;3;52368673;2;2
893;4;35053600;2;2
894;7;72346051;1;1
895;9;87907620;1;1
896;7;46861278;2;2
897;5;61273389;2;2
898;4;47389131;1;1
899;4;38443625;1;1
900;4;81685304;1;1
901;6;75559185;2;2
902;10;10158818;1;1
903;7;35181847;1;1
904;5;25713894;1;1
905;10;2373964;1;1
906;9;15336772;1;1
907;6;33950305;2;2
908;10;52239575;2;2
909;1;92331913;1;1
910;4;84610294;2;2
911;1;94414114;1;1
912;9;58100258;1;1
913;9;28030825;2;2
914;10;2734818;1;1
915;9;80476124;2;2
916;7;63301329;2;2
917;10;15768286;2;2
918;7;74581223;1;1
919;6;56285949;1;1
920;5;88984449;2;2
921;10;1276826;2;2
922;2;60612462;2;2
923;8;18337140;1;1
924;5;32019816;2;2
925;9;84983658;1;1
926;6;6598740;1;1
927;5;26152690;1;1
928;1;85795258;1;1
929;5;87835196;1;1
930;9;42084295;2;2
931;4;30429947;2;2
932;8;76029814;2;2
933;6;1785331;1;1
934;7;92945601;2;2
935;7;2470237;2;2
936;9;88288290;2;2
937;3;25664252;1;1
938;1;59090619;2;2
939;1;76767537;1;1
940;4;16604777;1;1
941;7;13907281;1;1
942;7;94509940;2;2
943;10;29650720;1;1
944;6;65146524;2;2
945;5;43865583;1;1
946;5;70969951;2;2
947;8;26071985;2;2
948;5;50979106;1;1
949;9;73888301;1;1
950;9;72025378;1;1
951;10;9293082;2;2
952;8;75465842;2;2
953;8;42879500;2;2
954;8;16740774;1;1
955;9;13407584;2;2
956;3;1427388;1;1
957;6;4048255;1;1
958;1;28135035;1;1
959;1;47585018;1;1
960;7;16646220;1;1
961;5;53538752;2;2
962;5;75855239;1;1
963;3;48472385;2;2
964;3;71579554;2;2
965;8;36849928;2;2
966;2;18094859;2;2
967;7;40519723;2;2
968;2;70819152;1;1
969;7;40154370;1;1
970;6;82886981;1;1
971;4;58825590;1;1
972;7;65464973;1;1
973;9;96103068;2;2
974;3;1908521;2;2
975;3;29840707;1;1
976;1;36831976;1;1
977;9;33694546;2;2
978;6;27985101;2;2
979;1;53979150;2;2
980;9;78358438;1;1
981;2;64571032;2;2
982;1;93224097;1;1
983;9;32527613;1;1
984;5;14171224;1;1
985;2;82875383;2;2
986;1;74748409;1;1
987;2;76903424;1;1
988;1;47537065;1;1
989;7;71489988;1;1
990;4;96459609;1;1
991;7;45577030;2;2
992;2;87893487;1;1
993;3;93205115;1;1
994;7;80273589;1;1
995;7;93024237;2;2
996;8;51221622;2;2
997;6;46050272;2;2
998;9;52983356;2;2
999;10;53663401;1;1
1000;3;21227784;1;1
1;5;20371555;1;1
2;4;45048096;1;1
3;8;59523429;1;1
4;8;87834304;1;1
5;4;10236637;1;1
6;5;31935535;1;1
7;9;56679144;1;1
8;5;74954129;1;1
9;2;35956616;1;1
10;10;90520010;1;1
11;4;84389342;1;1
12;3;62481694;1;1
13;2;45817517;1;1
14;10;60625918;1;1
15;4;50685872;1;1
16;3;34695713;1;1
17;9;23814246;1;1
18;8;59269700;1;1
19;2;75277155;1;1
20;1;97131621;1;1
21;10;19541819;1;1
22;4;80024975;1;1
23;10;21958280;1;1
24;9;27554396;1;1
25;5;95311295;1;1
26;9;60833131;1;1
27;9;43851264;1;1
28;7;70347136;1;1
29;2;41795693;1;1
30;6;97535228;1;1
31;4;40496568;1;1
32;4;56010947;1;1
33;7;93956514;1;1
34;7;44287974;1;1
35;1;68775546;1;1
36;2;81367734;1;1
37;3;47397556;1;1
38;6;10153244;1;1
39;4;16019965;1;1
40;1;84277654;1;1
41;4;63548906;1;1
42;6;21353357;1;1
43;4;22148550;1;1
44;3;83581653;1;1
45;1;61189485;1;1
46;8;79167686;1;1
47;2;17761403;1;1
48;10;39354362;1;1
49;9;40797344;1;1
50;2;50252311;1;1
51;3;72480617;1;1
52;4;79370509;1;1
53;5;19291679;1;1
54;1;78897504;1;1
55;5;36378300;1;1
56;7;44191656;1;1
57;2;75923135;1;1
58;4;10183653;1;1
59;7;41682933;1;1
60;1;26162564;1;1
61;5;89535911;1;1
62;7;42067921;1;1
63;9;34762965;1;1
64;8;76253251;1;1
65;2;42154297;1;1
66;9;13965949;1;1
67;8;43171911;1;1
68;3;19142565;1;1
69;1;18910807;1;1
70;8;31345476;1;1
71;5;68257995;1;1
72;6;21798318;1;1
73;7;12130198;1;1
74;4;90718648;1;1
75;8;53755180;1;1
76;1;85378850;1;1
77;4;11866258;1;1
78;7;83431347;1;1
79;10;61912909;1;1
80;3;95741720;1;1
81;10;24532220;1;1
82;5;56910649;1;1
83;9;36378651;1;1
84;4;92037340;1;1
85;1;63554229;1;1
86;9;69161940;1;1
87;2;85114956;1;1
88;2;49115068;1;1
89;9;65398052;1;1
90;10;78424484;1;1
91;5;77876908;1;1
92;1;65855593;1;1
93;1;18659923;1;1
94;2;12127627;1;1
95;4;76668529;1;1
96;2;28645907;1;1
97;5;55562141;1;1
98;1;53117129;1;1
99;4;12123795;1;1
100;8;41819332;1;1
101;8;98343688;1;1
102;6;14320905;1;1
103;8;45591692;1;1
104;9;60034688;1;1
105;2;16727545;1;1
106;9;94270379;1;1
107;9;16271366;1;1
108;4;40649144;1;1
109;9;80625314;1;1
110;10;14667326;1;1
111;5;29289996;1;1
112;9;97695670;1;1
113;7;42933485;1;1
114;8;85095668;1;1
115;4;81517865;1;1
116;3;98783613;1;1
117;4;17567520;1;1
118;7;49534418;1;1
119;7;85939187;1;1
120;6;43440875;1;1
121;7;98155033;1;1
122;8;29691785;1;1
123;8;66363983;1;1
124;10;13993719;1;1
125;1;31291569;1;1
126;2;26069570;1;1
127;9;27078026;1;1
128;10;46549836;1;1
129;7;74767090;1;1
130;5;23116375;1;1
131;6;76312610;1;1
132;3;32746615;1;1
133;5;70578236;1;1
134;5;83519788;1;1
135;1;45696556;1;1
136;7;91262933;1;1
137;7;98611455;1;1
138;5;27633544;1;1
139;6;89067604;1;1
140;4;69386064;1;1
141;1;81953903;1;1
142;3;59854728;1;1
143;3;90584094;1;1
144;4;82794601;1;1
145;10;85662745;1;1
146;5;46392535;1;1
147;10;50895142;1;1
148;7;36487555;1;1
149;3;33416990;1;1
150;8;99085845;1;1
151;4;69916654;1;1
152;4;25210545;1;1
153;4;37474632;1;1
154;5;46362851;1;1
155;2;35826388;1;1
156;5;56671562;1;1
157;1;42291896;1;1
158;3;93587805;1;1
159;4;71650903;1;1
160;10;64013255;1;1
161;9;92296961;1;1
162;1;33516913;1;1
163;8;53489003;1;1
164;7;87547672;1;1
165;10;61991921;1;1
166;3;48632810;1;1
167;10;97964909;1;1
168;7;27785930;1;1
169;7;31920692;1;1
170;10;92997107;1;1
171;8;17488253;1;1
172;6;93365932;1;1
173;10;41032798;1;1
174;10;34527965;1;1
175;10;23241970;1;1
176;4;44033410;1;1
177;7;86929047;1;1
178;1;26419001;1;1
179;1;81194316;1;1
180;4;85138348;1;1
181;3;56711959;1;1
182;9;41878223;1;1
183;1;93020275;1;1
184;10;81381077;1;1
185;3;10317070;1;1
186;9;85089186;1;1
187;4;79875576;1;1
188;1;40639576;1;1
190;7;41616878;1;1
191;7;59825302;1;1
192;6;35850470;1;1
193;5;55546166;1;1
194;1;58788816;1;1
195;8;34582754;1;1
196;10;13128671;1;1
197;4;36053783;1;1
198;4;51711051;1;1
199;8;96049172;1;1
200;10;33929015;1;1
201;1;47047640;1;1
202;10;38281291;1;1
203;1;63939894;1;1
204;8;78447755;1;1
205;6;96770551;1;1
206;2;53926648;1;1
207;3;63992566;1;1
208;8;55863357;1;1
209;8;32125670;1;1
210;9;74751993;1;1
211;7;89010655;1;1
212;7;87185129;1;1
213;3;66429311;1;1
214;6;33222507;1;1
215;9;38160502;1;1
216;8;84236271;1;1
217;3;84872425;1;1
218;9;21957150;1;1
219;1;16743754;1;1
220;6;45924894;1;1
221;7;69813522;1;1
222;10;76863998;1;1
223;1;54355139;1;1
224;3;94389470;1;1
225;3;31317224;1;1
226;9;38161990;1;1
227;4;28464595;1;1
228;1;22840497;1;1
229;2;43929606;1;1
230;10;99040470;1;1
231;5;33536207;1;1
232;7;29884380;1;1
233;6;83464777;1;1
234;10;96882930;1;1
235;7;14676794;1;1
236;1;27198254;1;1
237;10;47161799;1;1
238;10;50833522;1;1
239;9;87713081;1;1
240;7;93511900;1;1
241;1;29061927;1;1
242;2;78376531;1;1
243;1;33115993;1;1
244;7;68574489;1;1
245;8;90228711;1;1
246;6;17861202;1;1
247;8;80472825;1;1
248;6;99439033;1;1
249;8;77461152;1;1
250;9;43031062;1;1
251;3;65425137;1;1
252;5;42750834;1;1
253;9;28776480;1;1
254;8;29962348;1;1
255;2;45596269;1;1
256;3;23027948;1;1
257;4;91328517;1;1
258;10;40275066;1;1
259;8;68694927;1;1
260;8;44883589;1;1
261;5;30426771;1;1
262;10;73995615;1;1
263;4;49114653;1;1
264;5;28946107;1;1
265;9;68182889;1;1
266;5;94746818;1;1
267;9;92646700;1;1
268;5;34528742;1;1
269;9;45668624;1;1
270;9;60791743;1;1
271;1;13395402;1;1
272;4;50820592;1;1
273;4;37959691;1;1
274;8;96415257;1;1
275;8;36451724;1;1
276;2;72089232;1;1
277;5;46833227;1;1
278;8;13076752;1;1
279;2;32180071;1;1
280;9;55823923;1;1
281;7;34863354;1;1
282;1;27698755;1;1
283;5;61317750;1;1
284;1;87423665;1;1
285;8;48867007;1;1
286;5;14976828;1;1
287;10;33321414;1;1
288;3;15526717;1;1
289;10;15679989;1;1
290;5;84838466;1;1
291;2;86138743;1;1
292;3;49555466;1;1
293;5;58963707;1;1
294;1;81119508;1;1
295;4;82536780;1;1
296;10;63267341;1;1
297;2;83887814;1;1
298;10;14321179;1;1
299;8;12346512;1;1
300;2;20144707;1;1
301;3;20585775210;2;2
302;6;20340766225;2;2
303;1;20362414268;2;2
304;1;20190026008;2;2
305;5;20981428322;2;2
306;4;20681819351;2;2
307;6;20815012837;2;2
308;4;20469675998;2;2
309;4;20485672592;2;2
310;2;20421245413;2;2
311;1;20079447253;2;2
312;9;20953765662;2;2
313;6;20744113510;2;2
314;4;20062242626;2;2
315;9;20638068302;2;2
316;2;20861416027;2;2
317;9;20366392285;2;2
318;1;20981104924;2;2
319;4;20193140048;2;2
320;8;20482938625;2;2
321;3;20245101191;2;2
322;10;20979752891;2;2
323;9;20362124702;2;2
324;8;20042793047;2;2
325;5;20755903552;2;2
326;8;20553338373;2;2
327;4;20790460249;2;2
328;7;20196270452;2;2
329;9;20442391608;2;2
330;8;20224680532;2;2
331;8;20910604931;2;2
332;6;20099821963;2;2
333;3;20569841805;2;2
334;6;20274313525;2;2
335;4;20087425209;2;2
336;2;20561816645;2;2
337;5;20718744374;2;2
338;9;20558166758;2;2
339;6;20978526621;2;2
340;5;20824752378;2;2
341;10;20723842185;2;2
342;7;20281878181;2;2
343;8;20096223149;2;2
344;8;20138423806;2;2
345;6;20367696161;2;2
346;10;20310193926;2;2
347;3;20386780999;2;2
348;9;20618321823;2;2
349;5;20826989970;2;2
350;6;20063364523;2;2
351;9;20995149078;2;2
352;3;20899922743;2;2
353;6;20825568406;2;2
354;7;20143053557;2;2
355;3;20637022179;2;2
356;6;20536403325;2;2
357;6;20139488893;2;2
358;4;20686795534;2;2
359;9;20062728268;2;2
360;2;20023634763;2;2
361;9;20397858753;2;2
362;9;20828583231;2;2
363;6;20147269508;2;2
364;2;20043661201;2;2
365;6;20882109726;2;2
366;7;20741749020;2;2
367;1;20987040563;2;2
368;2;20016495290;2;2
369;8;20278129282;2;2
370;3;20411442034;2;2
371;7;20016514237;2;2
372;2;20619933139;2;2
373;7;20773274193;2;2
374;8;20651141039;2;2
375;7;20889270632;2;2
376;1;20675673993;2;2
377;1;20515437318;2;2
378;1;20091969037;2;2
379;8;20267043561;2;2
380;1;20599100175;2;2
381;9;20016552704;2;2
382;9;20814351551;2;2
383;8;20840788663;2;2
384;2;20499875082;2;2
385;9;20418123117;2;2
386;2;20662484213;2;2
387;7;20050379817;2;2
388;2;20151662716;2;2
389;5;20255660233;2;2
390;8;20122294716;2;2
391;7;20029839477;2;2
392;10;20297463870;2;2
393;5;20098810404;2;2
394;7;20210827617;2;2
395;3;20739457532;2;2
396;6;20815519285;2;2
397;2;20790347552;2;2
398;4;20594959515;2;2
399;5;20425130047;2;2
400;4;20933971732;2;2
401;5;20632846560;2;2
402;7;20165212174;2;2
403;7;20580253234;2;2
404;8;20480847588;2;2
405;5;20628732631;2;2
406;5;20929602951;2;2
407;10;20766644302;2;2
408;5;20682194310;2;2
409;1;20095828050;2;2
410;8;20143368022;2;2
411;10;20174874262;2;2
412;4;20930474841;2;2
413;9;20264950266;2;2
414;8;20063727460;2;2
415;3;20638226765;2;2
416;9;20063604047;2;2
417;8;20948051222;2;2
418;5;20956333660;2;2
419;9;20387728785;2;2
420;9;20315063646;2;2
421;4;20139369133;2;2
422;7;20774236074;2;2
423;6;20896541963;2;2
424;4;20025625575;2;2
425;4;20552961079;2;2
426;7;20885384856;2;2
427;1;20597971343;2;2
428;9;20676742895;2;2
429;6;20067490354;2;2
430;9;20662432978;2;2
431;4;20370608419;2;2
432;2;20166496368;2;2
433;2;20574651279;2;2
434;2;20736143708;2;2
435;3;20042960530;2;2
436;3;20394865120;2;2
437;9;20986546382;2;2
438;8;20267074315;2;2
439;4;20793277546;2;2
440;7;20749006345;2;2
441;3;20384943554;2;2
442;9;20230956922;2;2
443;5;20359749202;2;2
444;1;20137384066;2;2
445;6;20057537096;2;2
446;10;20552892196;2;2
447;7;20640012631;2;2
448;7;20814877695;2;2
449;10;20844062475;2;2
450;8;20920687740;2;2
451;2;20810019416;2;2
452;5;20842782083;2;2
453;5;20839981850;2;2
454;2;20351149566;2;2
455;5;20099578930;2;2
456;8;20017998935;2;2
457;10;20018155321;2;2
458;10;20780601321;2;2
459;4;20538757529;2;2
460;8;20433600927;2;2
461;3;20760504260;2;2
462;4;20056752611;2;2
463;9;20999194120;2;2
464;6;20261777707;2;2
465;8;20659097567;2;2
466;10;20829445311;2;2
467;9;20383215263;2;2
468;8;20425095574;2;2
469;8;20084262886;2;2
470;4;20265146631;2;2
471;10;20326417021;2;2
472;10;20799907521;2;2
473;7;20555950817;2;2
474;5;20219263870;2;2
475;7;20382714220;2;2
476;9;20951264459;2;2
477;10;20666597533;2;2
478;4;20011425290;2;2
479;4;20685429727;2;2
480;2;20257511937;2;2
481;8;20445279562;2;2
482;1;20466050895;2;2
483;8;20538507857;2;2
484;5;20382770268;2;2
485;8;20568680306;2;2
